,Date,hour,good,ET10day,ET25day,LE10inst,LE25inst,ET10day_EB,ET25day_EB,fcorn_10,fcorn_25,fsoy_10,fsoy_25,AlexiET1x1,AlexiET5x5,AlexiET25x25,AlexiET50x50,AlexiFFP25,AlexiFFP10,JdayET1x1,JdayET5x5,JdayET25x25,JdayET50x50,JdayFFP25,JdayFFP10,JinstET1x1,JinstET5x5,JinstET25x25,JinstET50x50,JinstFFP25,JinstFFP10,JinstCorn,JinstSoy,JdayCorn,JdaySoy,AlexiCorn,AlexiSoy,AlexiCropDiff,JdayCropDiff
0,2019-05-23 19:27:49-05:00,19.5,1,,4.741889313121225,,15.3386595,,5.8153265923828865,,,,,2.6614625453948975,2.7963013648986816,2.7008543014526367,2.7601699829101562,,,11.851531982421875,12.073086738586426,12.532503128051758,12.452922821044922,,,51.84038162231445,52.79811096191406,54.28314208984375,54.00911331176758,,,54.341331481933594,54.33468246459961,12.555731773376465,12.542153358459473,2.618847608566284,2.780269145965576,-0.161421537399292,0.013578414916992188
1,2019-05-26 18:35:57-05:00,18.5,0,,3.4995273441889494,,48.758935,,4.5648921034805,,0.2550295603840001,,0.7449704396159998,,,,,0.0,,,,,,0.0,,,,,,0.0,,,,,,,,,
2,2019-05-30 16:54:48-05:00,17.0,0,,4.482915208364072,,83.467265,,6.252059573522396,,,,,,,,,,,,,,,,,,,,,,,,,,,,,,
3,2019-06-02 16:02:57-05:00,16.0,0,,2.0214204908441236,,115.786165,,2.773157375306921,,0.4963674120807614,,0.5036325879192386,,,,,0.0,,0.0,0.0,0.0,0.0,0.0,,0.0,0.0,0.0,0.0,0.0,,0.0,0.0,0.0,0.0,,,,0.0
4,2019-06-06 14:21:49-05:00,14.5,0,,2.0739096372549746,,146.9045,,3.012770164084289,,0.1327467993452452,,0.8672532006547549,,,,,0.0,,,,,,0.0,,,,,,0.0,,,,,,,,,
5,2019-06-07 13:31:42-05:00,13.5,0,,2.063818968769992,,184.17739999999998,,3.08637115321744,,0.3691194676098387,,0.6308805323901612,,,,,0.0,,0.0,0.0,0.0,0.0,0.0,,0.0,0.0,0.0,0.0,0.0,,0.0,0.0,0.0,0.0,,,,0.0
6,2019-06-07 20:01:02-05:00,20.0,1,,2.063818968769992,,15.972234999999998,,3.08637115321744,,0.2599355266954224,,0.7400644733045776,2.8501405715942383,2.331192970275879,1.952668309211731,1.8996344804763794,2.1083623015014497,,15.14728832244873,15.210427284240723,15.265706062316895,15.034162521362305,14.704239957476101,,44.41504669189453,44.60072708129883,44.724998474121094,44.18946075439453,43.55341779697069,,44.77187728881836,44.762081146240234,15.298904418945312,15.26966381072998,1.7446671724319458,2.14841365814209,-0.40374648571014404,0.02924060821533203
7,2019-06-10 12:40:20-05:00,12.5,1,,,,175.92669999999998,,,,0.6573524763393996,,0.3426475236606003,2.4243505001068115,2.4681668281555176,1.9767056703567505,1.8229554891586304,2.2000560511825666,,2.583705186843872,2.7058489322662354,2.54665207862854,2.4695677757263184,2.3170275313550346,,123.22052764892578,127.52510833740234,120.81082153320312,117.0998306274414,112.71312818734347,,110.49517059326172,130.3956298828125,2.2850005626678467,2.7909457683563232,1.8478978872299194,2.11386775970459,-0.2659698724746704,-0.5059452056884766
8,2019-06-10 19:09:12-05:00,19.0,0,,,,33.185294999999996,,,,0.4677588818014043,,0.5322411181985957,,,,,0.0,,0.0,0.0,0.0,0.0,0.0,,0.0,0.0,0.0,0.0,0.0,,0.0,0.0,0.0,0.0,,,,0.0
9,2019-06-10 19:10:04-05:00,19.0,1,,,,33.185294999999996,,,,0.4677588818014043,,0.5322411181985957,2.6326611042022705,2.6207191944122314,2.3435428142547607,2.26216197013855,2.160186439152469,,3.0507876873016357,3.141554355621338,2.965576171875,2.8876378536224365,2.7011815331258275,,33.38495635986328,34.12159729003906,32.45616912841797,31.57201385498047,30.250720930266112,,29.60992431640625,35.11771011352539,2.647081136703491,3.2642040252685547,2.1435186862945557,2.5372791290283203,-0.39376044273376465,-0.6171228885650635
10,2019-06-18 09:17:11-05:00,9.5,1,,3.0319244590953836,,185.6507,,4.0908675096003595,,0.4993130991112153,,0.5006869008887846,0.009999999776482582,0.009999999776482582,0.014929287135601044,0.047778449952602386,0.010451899162322628,,4.871559143066406,4.82539701461792,4.665379524230957,4.095510482788086,4.084609388997663,,161.3579559326172,161.08685302734375,160.06837463378906,141.5771484375,139.2559251120383,,157.87026977539062,162.1112518310547,4.496419429779053,4.823711395263672,0.014839161187410355,0.015278286300599575,-0.00043912511318922043,-0.32729196548461914
11,2019-06-18 09:18:03-05:00,9.5,1,,3.0319244590953836,,185.6507,,4.0908675096003595,,0.4993130991112153,,0.5006869008887846,1.4544986486434937,1.1426559686660767,1.0723100900650024,1.176846981048584,1.0017768856554172,,4.751187324523926,4.725320339202881,4.869171619415283,4.833800792694092,5.0417423041567515,,164.7316436767578,164.74388122558594,175.0240936279297,174.71031188964844,180.38259337470618,,177.69891357421875,171.73707580566406,4.833826541900635,4.881876468658447,1.0971518754959106,1.0510867834091187,0.04606509208679199,-0.0480499267578125
12,2019-06-18 15:46:36-05:00,16.0,0,,3.0319244590953836,,190.40485,,4.0908675096003595,,0.556734688034322,,0.4432653119656779,,,,,0.0,,,,,,0.0,,,,,,0.0,,,,,,,,,
13,2019-06-25 13:13:15-05:00,13.0,0,,5.822450846982419,,653.5741,,8.629404571357489,,0.0189581799804044,,0.9810418200195956,,,,,0.0,,0.0,0.0,0.0,0.0,0.0,,0.0,0.0,0.0,0.0,0.0,,0.0,0.0,0.0,0.0,,,,0.0
14,2019-06-25 13:14:07-05:00,13.0,1,,5.822450846982419,,653.5741,,8.629404571357489,,0.0189581799804044,,0.9810418200195956,4.159822463989258,4.0653462409973145,3.971590518951416,4.251106262207031,4.152211294813058,,2.9119129180908203,2.9629220962524414,2.671140193939209,2.599412679672241,3.1135976784738397,,135.8574676513672,137.3125457763672,126.39027404785156,122.92882537841797,142.17101121590807,,116.41561889648438,135.50546264648438,2.4045703411102295,2.9160497188568115,4.035816192626953,3.919574737548828,0.116241455078125,-0.511479377746582
15,2019-06-29 11:31:54-05:00,11.5,0,,2.830702690451495,,158.725415,,4.1654397743320555,,0.0197632883164359,,0.980236711683564,,,,,0.0,,,,,,0.0,,,,,,0.0,,,,,,,,,
16,2019-07-02 10:40:00-05:00,10.5,0,,3.674575597241173,,240.64665000000002,,5.666215494566305,,0.0156820711498554,,0.9843179288501446,,,,,0.0,,,,,,0.0,,,,,,0.0,,,,,,,,,
17,2019-07-06 08:59:19-05:00,9.0,0,,3.856386464519198,,242.04815000000002,,5.65019331247161,,0.7421140524573914,,0.2578859475426086,,,,,0.0,,,,,,0.0,,,,,,0.0,,,,,,,,,
18,2019-07-06 09:00:11-05:00,9.0,0,,3.856386464519198,,242.04815000000002,,5.65019331247161,,0.7421140524573914,,0.2578859475426086,,,,,0.0,,0.0,0.0,0.0,0.0,0.0,,0.0,0.0,0.0,0.0,0.0,,0.0,0.0,0.0,0.0,,,,0.0
19,2019-07-07 08:10:06-05:00,8.0,0,,2.784196598191842,,87.874705,,4.056840221494904,,0.020810492869371,,0.9791895071306288,,,,,0.0,,0.0,0.0,0.0,0.0,0.0,,0.0,0.0,0.0,0.0,0.0,,0.0,0.0,0.0,0.0,,,,0.0
20,2019-07-23 19:46:31-05:00,20.0,0,,3.391737342719427,,-1.1773714999999996,,4.696074812678587,,0.2979958659291715,,0.7020041340708285,,,,,0.0,,0.0,0.0,0.0,0.0,0.0,,0.0,0.0,0.0,0.0,0.0,,0.0,0.0,0.0,0.0,,,,0.0
21,2019-07-27 18:05:51-05:00,18.0,0,,5.2542754006707275,,189.14495,,7.497978540981887,,0.0074406740166568,,0.9925593259833432,,,,,0.0,,,,,,0.0,,,,,,0.0,,,,,,,,,
22,2019-07-31 16:25:05-05:00,16.5,0,,3.982866306732843,,205.11534999999998,,5.762717577116816,,0.0425355602765955,,0.9574644397234044,,,,,0.0,,,,,,0.0,,,,,,0.0,,,,,,,,,
23,2019-08-04 14:44:20-05:00,14.5,0,,3.5402276459821302,,349.21495000000004,,5.249383253343642,,0.0059379534280773,,0.9940620465719224,,,,,0.0,,,,,,0.0,,,,,,0.0,,177.93174743652344,,3.6002044677734375,,6.239353656768799,,,
24,2019-08-08 19:32:46-05:00,19.5,0,,3.995114887651952,,1.8356905,,6.018183974190195,,,,,,,,,,,22.8051815032959,22.390527725219727,22.105636596679688,20.791732788085938,,,109.37783813476562,107.53926086425781,106.49453735351562,100.13394927978516,,,105.3173828125,107.72554779052734,21.86566734313965,22.351015090942383,5.082959175109863,5.237065315246582,-0.15410614013671875,-0.4853477478027344
25,2019-08-08 19:33:37-05:00,19.5,0,,3.995114887651952,,1.8356905,,6.018183974190195,,,,,,,,,,,,,,,,,158.33753967285156,159.04518127441406,156.0977020263672,134.53561401367188,,,154.8457489013672,157.00912475585938,0.0,,7.779568672180176,8.338103294372559,-0.5585346221923828,
26,2019-08-23 13:44:26-05:00,13.5,0,,4.085226218122809,,402.9772,,6.511324840638875,,0.2678322617504968,,0.7321677382495031,,,,,0.0,,,,,,0.0,,,,,,0.0,,,,,,,,,
27,2019-09-03 09:38:27-05:00,9.5,1,,3.1189137840269634,,92.625325,,5.188818136680413,,0.192493339027862,,0.807506660972138,4.657041072845459,4.672088146209717,4.695634841918945,4.736377239227295,4.732516061630148,,5.522220134735107,5.553232192993164,5.40941858291626,5.406981468200684,5.721325591922899,,200.64395141601562,201.8164520263672,196.0159912109375,195.68136596679688,208.0445314422387,,194.0888214111328,198.12286376953125,5.3849406242370605,5.440171718597412,4.67449426651001,4.714468479156494,-0.039974212646484375,-0.05523109436035156
28,2019-09-04 08:49:41-05:00,9.0,1,,2.7719241266417387,,122.607,,4.611544652334104,,0.0885945420282671,,0.9114054579717328,4.781457424163818,4.726673603057861,4.709293842315674,4.715788841247559,4.76461129719937,,8.093271255493164,8.048713684082031,8.112098693847656,8.175496101379395,8.31247608673807,,237.37020874023438,235.83668518066406,236.99960327148438,238.5161895751953,244.19413973430596,,241.4597930908203,232.4517364501953,8.304508209228516,7.918609142303467,4.646017551422119,4.768039226531982,-0.12202167510986328,0.38589906692504883
29,2019-09-07 07:59:50-05:00,8.0,0,,,,,,,,,,,,,,,,,0.0,0.0,0.0,0.0,,,0.0,0.0,0.0,0.0,,,0.0,0.0,0.0,0.0,,,,0.0
30,2019-09-07 08:00:42-05:00,8.0,1,,,,,,,,,,,4.18092679977417,4.425508975982666,4.479032039642334,4.479847431182861,,,11.095585823059082,11.018279075622559,11.024252891540527,11.044882774353027,,,219.68812561035156,218.04122924804688,217.66412353515625,217.73995971679688,,,216.8765411376953,218.53759765625,11.03459358215332,11.017500877380371,4.4895501136779785,4.4656758308410645,0.023874282836914062,0.01709270477294922
31,2019-10-07 13:18:40-05:00,13.5,1,,1.1653008895985115,,80.082405,,1.4429615856657076,,0.0031282202673988,,0.9968717797326012,0.009999999776482582,0.027540020644664764,0.35847970843315125,0.5513748526573181,0.011900096115801652,,4.4893412590026855,4.080387115478516,3.9270195960998535,3.806471347808838,4.179393383606303,,184.53189086914062,172.0594482421875,167.58837890625,163.85003662109375,174.60736201301688,,158.43421936035156,177.23936462402344,3.6315176486968994,4.236461162567139,0.611358642578125,0.11569575220346451,0.4956628903746605,-0.6049435138702393
32,2019-10-18 15:44:28-05:00,15.5,0,,0.6673159411708202,,34.012295,,0.8369027981663392,,0.1833537393212939,,0.816646260678706,,,,,0.0,,,,,,0.0,,,,,,0.0,,,,,,,,,
33,2019-10-19 14:55:54-05:00,15.0,0,,0.767865003615898,,77.05892,,0.9630046736372668,,,,,,,,1.584313154220581,,,,,,2.3465452194213867,,,,,,86.83370971679688,,,85.43355560302734,80.05321502685547,2.32421612739563,2.085596799850464,1.6788650751113892,1.9594758749008179,-0.2806107997894287,0.23861932754516602
34,2019-10-23 13:18:18-05:00,13.5,0,,2.028900173829042,,125.04037500000001,,2.5445102205988563,,0.0594652124080155,,0.9405347875919844,,,,,0.48145841174131265,,,,,,0.7400691218564956,,,,,,30.118263708143402,,101.96026611328125,101.5125503540039,2.510133981704712,2.499159812927246,1.7475690841674805,1.7608541250228882,-0.013285040855407715,0.01097416877746582
35,2019-12-22 12:48:44-06:00,13.0,0,,0.4780100757267448,,75.398435,,0.747107041734029,,0.1615155455811438,,0.8384844544188561,,,,,0.0,,,,,,0.0,,,,,,0.0,,,,,,,,,
36,2019-12-26 11:11:30-06:00,11.0,0,,0.543234571342357,,41.45481,,0.8478228018990425,,0.1598914586526431,,0.8401085413473569,,,,,0.0,,,,,,0.0,,,,,,0.0,,,,,,,,,
37,2020-02-22 12:25:54-06:00,12.5,0,,,,,,,,,,,,,,,,,,,,,,,,,,,,,,,,,,,,
38,2020-04-05 13:49:21-05:00,14.0,1,,,,,,,,,,,2.0149471759796143,2.0074429512023926,2.1234796047210693,2.3150806427001953,,,4.576481342315674,4.596489429473877,4.5598320960998535,4.575399875640869,,,182.73922729492188,183.34585571289062,181.9748992919922,182.80433654785156,,,180.05950927734375,183.71607971191406,4.49862003326416,4.616114139556885,1.8987795114517212,2.326477527618408,-0.427698016166687,-0.11749410629272461
39,2020-04-21 14:10:27-05:00,14.0,1,,,,,,,,,,,1.8988703489303589,2.1132919788360596,2.240690231323242,2.3193647861480713,,,2.5491435527801514,2.6254992485046387,2.6051182746887207,2.597066640853882,,,102.13469696044922,104.5500717163086,103.83421325683594,103.7316665649414,,,103.91822814941406,104.03487396240234,2.601036548614502,2.618016242980957,1.927808403968811,2.5970089435577393,-0.6692005395889282,-0.016979694366455078
40,2020-05-30 15:57:41-05:00,16.0,1,,,,,,,,,,,1.2266169786453247,1.7660146951675415,2.457747459411621,2.5914454460144043,,,6.435064792633057,6.458368301391602,6.679561138153076,6.67954158782959,,,212.2527618408203,212.4105224609375,217.37054443359375,217.64730834960938,,,216.01353454589844,218.79444885253906,6.630619049072266,6.732463836669922,2.052513360977173,2.872199535369873,-0.8196861743927002,-0.10184478759765625
41,2020-06-07 12:48:39-05:00,13.0,1,,,,,,,,,,,3.8373029232025146,3.5120699405670166,3.4822421073913574,3.419701099395752,,,7.873446464538574,7.993699550628662,8.30447006225586,8.370607376098633,,,342.80926513671875,345.8475036621094,352.5585632324219,353.9395751953125,,,347.77825927734375,357.4967956542969,8.077255249023438,8.538870811462402,3.438084840774536,3.5333328247070312,-0.09524798393249512,-0.46161556243896484
42,2020-06-07 19:17:53-05:00,19.5,1,,,,,,,,,,,0.5181172490119934,0.19488056004047394,0.4904981851577759,0.4426227807998657,,,11.373172760009766,11.494415283203125,11.787798881530762,11.789896011352539,,,110.74768829345703,111.76614379882812,113.42479705810547,113.607666015625,,,112.38675689697266,114.55767822265625,11.666748046875,11.92230224609375,0.12935897707939148,0.9033159017562866,-0.7739569246768951,-0.25555419921875
43,2020-06-07 19:18:45-05:00,19.5,0,,,,,,,,,,,,,,,,,0.0,0.0,0.0,0.0,,,0.0,0.0,0.0,0.0,,,0.0,0.0,0.0,0.0,,,,0.0
44,2020-06-14 10:26:38-05:00,10.5,1,,,,,,,,,,,5.309464931488037,5.097660064697266,4.2800092697143555,3.8267955780029297,,,5.2210283279418945,5.229439735412598,5.543973445892334,5.605943202972412,,,191.34771728515625,191.48947143554688,199.55264282226562,200.92364501953125,,,193.72938537597656,205.9461212158203,5.310780048370361,5.799464702606201,4.503230571746826,4.056684970855713,0.4465456008911133,-0.48868465423583984
45,2020-06-18 08:52:29-05:00,9.0,1,,,,,,,,,,,4.830678939819336,4.623218536376953,4.354739665985107,4.106529235839844,,,6.8223042488098145,6.982900619506836,7.441373348236084,7.637256622314453,,,193.91429138183594,197.02035522460938,206.13870239257812,210.77134704589844,,,199.55331420898438,213.0126495361328,7.103780746459961,7.792044639587402,4.903782367706299,3.842751979827881,1.061030387878418,-0.6882638931274414
46,2020-06-19 14:33:57-05:00,14.5,0,,,,,,,,,,,,,,,,,,,,,,,,,,,,,,,,,,,,
47,2020-07-05 08:15:52-05:00,8.5,1,,3.337229456765591,,73.90523999999999,,5.25447456565444,,,,,4.534411430358887,4.669883728027344,4.834764003753662,4.884235382080078,,,13.271923065185547,13.174116134643555,13.102238655090332,13.105146408081055,,,362.2378234863281,358.1431884765625,343.8973693847656,338.0246887207031,,,361.77850341796875,326.3447265625,13.179718971252441,13.0272855758667,5.048181056976318,4.6295905113220215,0.4185905456542969,0.1524333953857422
48,2020-07-09 06:41:55-05:00,6.5,0,,5.191070676067169,,5.814047,,8.173351335075862,,0.4881255017787198,,0.5118744982212802,,,,,0.0,,,,,,0.0,,,,,,0.0,,,,,,,,,
49,2020-08-04 13:59:09-05:00,14.0,0,,,,371.0725,,,,0.2204953339026451,,0.7795046660973549,,,,,0.0,,,,,,0.0,,,,,,0.0,,,,,,,,,
50,2020-08-05 19:41:20-05:00,19.5,0,,3.0203409583052134,,7.058866999999999,,4.134750961096039,,,,,6.706250190734863,7.293285369873047,6.162710666656494,6.21159553527832,,,,,,,,,38.10746765136719,38.1110725402832,37.234806060791016,37.18840026855469,,,35.22093200683594,38.915225982666016,33.04530334472656,35.202789306640625,6.1498942375183105,6.131577968597412,0.018316268920898438,-2.1574859619140625
51,2020-08-08 12:25:34-05:00,12.5,1,,3.722250970712436,,330.06425,,5.405614885832569,,0.9135058629644544,,0.0864941370355455,4.681816577911377,4.669633388519287,4.684309482574463,4.78495454788208,4.8836579818918056,,6.282336711883545,6.273101806640625,6.234272480010986,6.21942663192749,6.30627136676363,,336.26373291015625,335.9614562988281,335.0989990234375,335.0274658203125,338.3104186254913,,336.7814025878906,333.59844970703125,6.273666858673096,6.197173595428467,4.647289276123047,4.75164794921875,-0.10435867309570312,0.0764932632446289
52,2020-08-09 18:07:31-05:00,18.0,0,,3.5423825064333263,,90.06509,,5.144402072497496,,0.916035775578255,,0.083964224421745,,,,,0.0,,,,,,0.0,,,,,,0.0,,,,,,,,,
53,2020-08-12 17:21:29-05:00,17.5,1,,4.0362639403162195,,210.7995,,5.861638188987168,,0.6026327696501985,,0.3973672303498015,0.9802749156951904,1.3004978895187378,1.7646902799606323,1.9199235439300537,1.2090958259603735,,2.137343645095825,2.136174440383911,2.0196118354797363,1.9820502996444702,2.2943852299289564,,62.27373504638672,62.248531341552734,59.19834899902344,58.21027755737305,66.16168698142334,,62.21701431274414,56.00544357299805,2.1331212520599365,1.899165153503418,1.3538905382156372,2.232546329498291,-0.8786557912826538,0.23395609855651855
54,2020-08-16 09:18:11-05:00,9.5,1,,3.4743321405559136,,134.9171,,5.070440429112218,,0.2864899824797166,,0.7135100175202834,5.0259108543396,5.049256324768066,5.100161552429199,5.166843891143799,5.184226363257727,,6.214466094970703,6.218581676483154,6.183877944946289,6.174069881439209,6.121949360043553,,224.48265075683594,224.54351806640625,224.15625,224.26353454589844,221.90198403230377,,225.35333251953125,222.86337280273438,6.225255489349365,6.137294769287109,4.972075939178467,5.247512340545654,-0.2754364013671875,0.08796072006225586
55,2020-08-24 12:40:35-05:00,12.5,1,,3.686613843748269,,327.1657,,5.23434600801382,,0.9967241140959872,,0.0032758859040127,4.234579563140869,4.682725429534912,5.006335735321045,5.0783772468566895,5.077638396639166,,5.966529846191406,5.803612232208252,5.741690635681152,5.698302268981934,5.802606512668738,,302.7113342285156,297.5559387207031,297.375732421875,296.8226623535156,299.54142135473296,,304.5041809082031,290.2013244628906,5.957242012023926,5.518709182739258,4.9194159507751465,5.16864013671875,-0.24922418594360352,0.43853282928466797
56,2020-08-28 11:06:52-05:00,11.0,1,,2.7814084394370777,,206.7106,,4.059187559120103,,0.939678124393477,,0.060321875606523,4.015357494354248,3.674697160720825,3.749126672744751,3.8815624713897705,3.8225175929423076,,13.818808555603027,13.83802604675293,13.935456275939941,13.945363998413086,13.947677735529673,,620.1577758789062,639.2838134765625,649.3851928710938,653.2403564453125,649.6334928542259,,640.3047485351562,661.0973510742188,13.926287651062012,13.955876350402832,3.7138073444366455,3.838034152984619,-0.12422680854797363,-0.029588699340820312
57,2020-09-24 17:44:24-05:00,17.5,0,,1.0958914566149238,,23.241265,,1.5388813766318292,,0.8903743804988421,,0.1096256195011578,,,,,0.0,,3.1094412803649902,3.120016098022461,3.2886922359466553,3.3945493698120117,3.3278251897386792,,50.22154998779297,50.33454513549805,52.2230110168457,53.418216705322266,52.800437767205146,,53.84870910644531,50.371883392333984,3.419294595718384,3.1382837295532227,,,,0.28101086616516113
58,2020-09-24 17:45:16-05:00,17.5,0,,1.0958914566149238,,23.241265,,1.5388813766318292,,0.8903743804988421,,0.1096256195011578,,,,,0.0,,0.0,0.0,0.0,0.0,0.0,,0.0,0.0,0.0,0.0,0.0,,0.0,0.0,0.0,0.0,,,,0.0
59,2020-10-06 13:08:12-05:00,13.0,1,,0.9902640950888644,,72.06684999999999,,1.644625522350092,,0.9817297220506984,,0.0182702779493015,1.8989909887313843,2.016770601272583,1.596909523010254,1.491929054260254,1.9661404982152717,,3.7753491401672363,3.834705114364624,3.80651593208313,3.878575325012207,4.165120804471752,,166.52622985839844,168.3341064453125,166.71580505371094,168.8270721435547,178.74158920015952,,171.4580535888672,161.83338928222656,3.9476206302642822,3.660367965698242,1.851055383682251,1.3511487245559692,0.49990665912628174,0.28725266456604004
60,2020-10-10 18:04:36-05:00,18.0,1,,0.2249715625646103,,0.974562775,,0.3929177442268385,,,,,0.009999999776482582,0.009999999776482582,0.009999998845160007,0.009999999776482582,,,9.140109062194824,8.778294563293457,9.504938125610352,10.680596351623535,,,47.30660629272461,45.414268493652344,48.462345123291016,53.4640007019043,,,49.127525329589844,47.508583068847656,9.720118522644043,9.226188659667969,0.009999997913837433,0.009999997913837433,0.0,0.4939298629760742
61,2020-10-11 17:16:16-05:00,17.5,1,,0.4293811830587502,,11.185179999999999,,0.749923607844625,,0.7057931658654987,,0.2942068341345013,0.009999999776482582,0.0541144460439682,0.03895091637969017,0.09831371158361435,0.06092201990209009,,8.469508171081543,8.582993507385254,8.816195487976074,8.916971206665039,8.758093416784519,,126.09391021728516,126.73865509033203,128.37469482421875,127.63165283203125,128.76544692039835,,127.43901824951172,129.1223907470703,8.834702491760254,8.785439491271973,0.046361714601516724,0.031928762793540955,0.014432951807975769,0.04926300048828125
62,2020-12-21 12:07:37-06:00,12.0,0,,1.10764163367301,,95.902415,,1.6457472192982083,,,,,,,,,,,0.0,0.0,0.0,0.0,,,0.0,0.0,0.0,0.0,,,0.0,0.0,0.0,0.0,,,,0.0
63,2021-04-01 15:02:57-05:00,15.0,1,,0.7792054679322528,,59.20606,,1.1684746238787438,,0.7680457785170371,,0.2319542214829629,2.214570999145508,2.2317111492156982,2.14850115776062,2.0826122760772705,2.4309049685509305,,3.404388666152954,3.407626152038574,3.3980839252471924,3.3982486724853516,3.4202099414284928,,111.83724212646484,111.94357299804688,111.63011169433594,111.6355209350586,112.35710748467761,,111.70021057128906,111.58518981933594,3.4002132415771484,3.3967185020446777,2.355232000350952,2.08035945892334,0.2748725414276123,0.003494739532470703
64,2021-04-05 13:30:42-05:00,13.5,1,,0.5777539190284963,,22.632053000000003,,0.8521643721284288,,0.1705338196874951,,0.829466180312505,1.5205987691879272,1.461456298828125,1.6048846244812012,1.6661834716796875,1.2814453960070886,,3.7082085609436035,4.257429122924805,4.227420806884766,4.2326531410217285,4.384364701985062,,154.229736328125,170.93699645996094,169.5063934326172,169.58059692382812,174.8738391662825,,166.898193359375,170.7899169921875,4.168449878692627,4.260965347290039,1.6885868310928345,1.563126802444458,0.12546002864837646,-0.09251546859741211
65,2021-04-09 11:58:05-05:00,12.0,1,,2.3253547107102275,,214.6251,,3.4613765567376102,,,,,2.593043088912964,2.708395481109619,2.6357219219207764,2.666663885116577,,,4.224885940551758,5.033502101898193,5.033014297485352,5.0452470779418945,,,174.0226593017578,199.30780029296875,198.70960998535156,199.0054931640625,,,196.41990661621094,199.91937255859375,4.98602819442749,5.0639142990112305,2.679690361022949,2.6206772327423096,0.05901312828063965,-0.07788610458374023
66,2021-04-13 10:25:35-05:00,10.5,1,,1.9382230306583117,,135.49995,,3.045478838852215,,0.4467160055214652,,0.5532839944785349,2.376173496246338,2.4453611373901367,2.1699440479278564,2.112053394317627,2.156268764123655,,5.2954630851745605,5.7366743087768555,5.628475189208984,5.636105537414551,5.513555789900419,,179.42608642578125,191.2816162109375,187.85093688964844,187.94876098632812,184.93292312459903,,185.0755615234375,189.29306030273438,5.5525922775268555,5.673398494720459,1.8839752674102783,2.270449161529541,-0.3864738941192627,-0.12080621719360352
67,2021-04-13 16:55:19-05:00,17.0,1,,1.9382230306583117,,75.68157,,3.045478838852215,,0.3256188769431817,,0.6743811230568183,2.2129833698272705,2.2035131454467773,2.014902353286743,2.0193862915039062,1.9830045737207813,,3.3536689281463623,3.6431643962860107,3.6855854988098145,3.6961166858673096,3.603459888628021,,82.35749053955078,87.98863220214844,88.68152618408203,88.85675811767578,87.0005730917575,,87.47529602050781,89.34366607666016,3.6401164531707764,3.7140591144561768,1.8530609607696533,2.089570999145508,-0.2365100383758545,-0.07394266128540039
68,2021-04-14 16:08:01-05:00,16.0,1,,1.265644222950113,,55.10962,,1.9389128933724704,,0.6613695351444542,,0.3386304648555459,1.1354042291641235,1.0777660608291626,0.9323185086250305,0.8404468297958374,0.8031932513716494,,2.980459213256836,3.2582547664642334,3.24954891204834,3.2532732486724854,2.294239229137666,,87.60861206054688,94.32488250732422,93.99689483642578,93.98719024658203,66.86620536084436,,93.13202667236328,94.36646270751953,3.2261338233947754,3.262770891189575,1.0664329528808594,0.9179684519767761,0.14846450090408325,-0.036637067794799805
69,2021-04-25 12:17:45-05:00,12.5,0,,1.6124025852100732,,105.637065,,2.716029620683023,,0.0271205230285714,,0.9728794769714286,,,,,0.0,,0.0,0.0,0.0,0.0,0.0,,0.0,0.0,0.0,0.0,0.0,,0.0,0.0,0.0,0.0,,,,0.0
70,2021-05-22 18:57:47-05:00,19.0,0,,1.4566746934670634,,15.082919999999998,,2.496306413668453,,0.0901412520931675,,0.9098587479068324,,,,,0.0,,,,,,0.0,,,,,,0.0,,,,,,,,,
71,2021-05-26 17:24:55-05:00,17.5,1,,2.9803277208060712,,80.24818,,5.108558719087544,,0.6043271125547293,,0.3956728874452707,0.009999999776482582,0.9230488538742065,1.2954883575439453,1.551827311515808,0.9432779598599839,,6.218944072723389,6.371479034423828,7.110044479370117,7.345662593841553,6.3921614655732135,,158.86183166503906,154.63087463378906,167.63653564453125,172.6649932861328,153.84364658535105,,151.04849243164062,173.75975036621094,6.4316606521606445,7.376598834991455,1.406816005706787,1.2732722759246826,0.1335437297821045,-0.9449381828308105
72,2021-06-08 18:28:46-05:00,18.5,1,,2.8211708378207487,,73.481705,,5.104581678853783,,0.0091452436865907,,0.9908547563134092,0.6965745091438293,0.8898738026618958,0.942187488079071,1.023844599723816,1.3556501598822963,,8.47317886352539,8.652047157287598,9.015080451965332,8.909236907958984,8.575708743267953,,146.2693634033203,149.90512084960938,155.31143188476562,153.8402557373047,148.15154173740126,,162.96484375,153.02828979492188,9.570830345153809,8.850998878479004,0.5234056115150452,1.0544954538345337,-0.5310898423194885,0.7198314666748047
73,2021-07-06 07:41:40-05:00,7.5,1,,4.053301455950069,,42.898685,,6.837275799623891,,0.1025321831128994,,0.8974678168871005,7.52773380279541,7.470283031463623,7.5149827003479,7.4700798988342285,7.607199677698018,,8.174331665039062,6.995096206665039,7.701106071472168,6.991659164428711,7.496413259358295,,172.6011505126953,151.7821044921875,163.62010192871094,150.38272094726562,160.7523688747938,,131.29782104492188,173.7752685546875,5.8502936363220215,8.282416343688965,7.442934989929199,7.542867660522461,-0.09993267059326172,-2.4321227073669434
74,2021-08-22 06:43:10-05:00,6.5,0,3.2583257279788733,2.8445511810176254,18.4049,13.889455,4.69959090812411,5.587588584092492,0.5071443241093444,0.7905994745075455,0.4928556758906555,0.2094005254924544,,,,,0.0045110974802374994,0.0,,,,,0.010283264501693203,0.0,,,,,0.06188257668938581,0.0,,,,,,,,
75,2021-08-22 13:13:09-05:00,13.0,0,3.2583257279788733,2.8445511810176254,208.274,198.4071,4.69959090812411,5.587588584092492,0.3238303733626075,0.7034513167295859,0.6761696266373924,0.296548683270414,,,,,0.0,2.399317761918641e-14,,,,,0.0,1.1427676939366898e-14,,,,,0.0,6.173743695395151e-13,,161.4554443359375,,2.972025156021118,,4.362133026123047,,
76,2021-08-23 12:26:07-05:00,12.5,0,3.468774145206796,2.8740328849850467,340.62300000000005,401.39085,5.003127617097324,5.722444425120453,0.1014350734134626,0.1184585999846698,0.8985649265865373,0.8815414000153302,,,,,0.0,0.0,,,,,0.0,0.0,,,,,0.0,0.0,,,,,,,,
77,2021-08-27 10:55:12-05:00,11.0,1,4.502963153885027,3.3972370408050048,312.89799999999997,294.0094,6.380613676945756,4.95676489309549,0.069674316766709,0.0750298645282813,0.9303256832332908,0.9249701354717188,4.996720314025879,5.064552307128906,5.157642364501953,5.126663684844971,5.176211506855523,5.117117676981863,4.981104373931885,4.969065189361572,5.035848617553711,5.229694366455078,4.8883665666957175,4.902892383027134,241.4733123779297,241.0466766357422,244.2122039794922,252.82275390625,238.37446012300546,238.61446278408673,253.8946533203125,241.46200561523438,5.283958435058594,4.96539306640625,5.154391765594482,5.161807060241699,-0.007415294647216797,0.31856536865234375
78,2021-08-31 09:23:58-05:00,9.5,1,,2.6783119765456047,91.3219,142.37885,,3.890667786328919,0.3310823695762827,0.4147647568533646,0.6689176304237173,0.5852352431466354,0.5084003210067749,1.418157935142517,1.7602050304412842,1.852234959602356,1.5218597738329305,1.264741362801329,6.499030113220215,6.839582443237305,6.764721870422363,6.780148983001709,6.571349879309945,6.6367788123925235,213.54690551757812,224.46315002441406,223.3919219970703,221.75497436523438,213.86817736736577,216.863576117499,197.97994995117188,232.4811248779297,6.029520034790039,7.02602481842041,1.9201273918151855,1.7092586755752563,0.2108687162399292,-0.9965047836303711
79,2021-10-09 11:37:11-05:00,11.5,1,1.3476024588585254,1.230499133872081,117.70299999999999,108.810485,1.901173761277159,1.692974440963505,0.0102374201067256,0.011139870709008,0.9897625798932744,0.988860129290992,2.4565303325653076,2.4195995330810547,2.602229595184326,2.6404972076416016,2.6278419651077014,2.388781876193766,11.419724464416504,10.9835205078125,10.9136323928833,10.734407424926758,10.90481192819634,11.30819835466864,457.2830810546875,434.9464111328125,434.5787353515625,424.13519287109375,435.33723899498733,451.2807774698752,415.72760009765625,439.9991149902344,10.555485725402832,11.020537376403809,2.766263484954834,2.5485341548919678,0.2177293300628662,-0.46505165100097656
80,2021-10-10 17:20:11-05:00,17.5,1,1.9320896143908584,1.3667088918085906,73.9512,27.54838,2.676510559441079,1.8787791636378977,0.0280569678428204,,0.9719430321571796,,2.5379626750946045,2.6592977046966553,2.71209716796875,2.6996192932128906,,2.65002881201493,8.36929702758789,9.828453063964844,9.72677230834961,9.60183048248291,,8.978185536127679,116.16018676757812,129.5216827392578,126.7314224243164,123.90642547607422,,119.41733402059162,134.0504608154297,124.15524291992188,10.471779823303223,9.484463691711426,2.6058595180511475,2.74345064163208,-0.13759112358093262,0.9873161315917969
81,2021-10-26 11:11:53-05:00,11.0,0,1.598170716582648,1.1564243303301394,127.09299999999999,,1.9321459318937668,1.8471304859012905,0.3278352569029588,0.3006245524212897,0.6721647430970411,0.6993754475787103,,,,,0.0,0.0,,,,,0.0,0.0,,,,,0.0,0.0,,,,,,,,
82,2022-04-19 13:51:46-05:00,14.0,0,2.191539197890602,1.826851459811128,204.412,173.2065,2.759519703367106,2.5944249864360915,0.9932485875936276,0.903822937713924,0.0067514124063722,0.096177062286076,,,,,0.0,0.0,,,,,0.0,0.0,,,,,0.0,0.0,,,,,,,,
83,2022-04-22 13:02:56-05:00,13.0,0,,2.679912915643885,317.92400000000004,280.90525,,4.0929422130717,0.9807923063996156,0.8802791195494678,0.0192076936003845,0.1197208804505321,,,,,0.0,0.0,,,,,0.0,0.0,,,,,0.0,0.0,,,,,,,,
84,2022-04-23 12:14:32-05:00,12.0,0,3.040275946417364,2.75806353970416,164.172,141.33384999999998,4.42217975732104,4.212299072142377,1.0,0.7276868489381297,0.0,0.2723131510618701,,,,,0.0,0.0,,,,,0.0,0.0,,,,,0.0,0.0,,,,,,,,
85,2022-05-23 17:44:57-05:00,17.5,1,3.6221721777013425,3.597350670115372,114.137,,4.905518309857363,6.389842694974724,0.6546069054045475,0.6727493906272359,0.3453930945954525,0.327250609372764,0.009999999776482582,0.15902218222618103,1.0474212169647217,1.0440058708190918,0.6491526514980122,0.17439934490926495,3.3433914184570312,3.404569149017334,3.609252452850342,3.645954132080078,3.2784440091240445,3.3665341370484496,70.90155029296875,71.72748565673828,74.89957427978516,75.5321044921875,69.49405392608939,71.0781301431197,73.5880126953125,78.78404235839844,3.527470588684082,3.850611448287964,0.7698971629142761,1.7901966571807861,-1.02029949426651,-0.32314085960388184
86,2022-06-03 13:45:45-05:00,13.5,1,2.149397659087161,1.5832120951905797,166.575,-4.259219999999999,2.8473968131512764,2.758647139450592,0.9205196742027822,0.2795246863138805,0.0794803257972178,0.7204753136861195,1.271144986152649,1.8134942054748535,1.5146116018295288,1.4358654022216797,2.0889948399010523,1.8411805024991341,3.651623487472534,3.6293282508850098,3.7138571739196777,3.8026952743530273,3.857372361765857,3.6495407244158766,154.365234375,153.2315673828125,155.7777099609375,158.60043334960938,159.6136875389857,153.7695251613269,153.44432067871094,162.8658447265625,3.635185718536377,3.953216791152954,1.3583732843399048,1.9367495775222778,-0.578376293182373,-0.31803107261657715
87,2022-06-11 10:33:15-05:00,10.5,0,2.319379132167513,2.108948906012996,149.131,175.0412,3.5492263746070742,3.6747103464491166,0.9998836995612028,0.9998482404803314,0.000116300438797,0.0001517595196686,,,,,0.0,0.0,,,,,0.0,0.0,,,,,0.0,0.0,,,,,,,,
88,2022-06-15 08:55:58-05:00,9.0,1,4.15312180105796,3.5331267106445,154.66299999999998,113.5923,5.975069062351171,5.631146495270422,1.0,0.9518200173567256,0.0,0.0481799826432744,5.754818439483643,5.372131824493408,4.779577255249023,4.575534820556641,5.666061295243101,5.660966398644747,4.792503356933594,5.624293804168701,6.1486735343933105,6.410036087036133,4.817087221552291,4.762399571966378,147.67059326171875,164.49790954589844,174.70147705078125,180.0291290283203,147.63454232528824,146.80343343571138,169.65565490722656,189.14303588867188,5.8786187171936035,6.921377658843994,4.923564434051514,4.396572113037109,0.5269923210144043,-1.0427589416503906
89,2022-06-15 08:56:50-05:00,9.0,0,4.15312180105796,3.5331267106445,154.66299999999998,113.5923,5.975069062351171,5.631146495270422,1.0,0.9518200173567256,0.0,0.0481799826432744,5.140463829040527,5.093674182891846,4.5819926261901855,4.467279434204102,4.103842324887686,5.487466821982997,4.503449440002441,6.032959461212158,5.564525604248047,4.755819797515869,3.4273114006803853,4.811498704930736,148.0969696044922,182.73623657226562,164.06765747070312,139.92135620117188,111.11633017819766,155.43795759657692,147.78273010253906,202.3021240234375,4.950745582580566,7.031400680541992,4.761155605316162,4.242987632751465,0.5181679725646973,-2.080655097961426
90,2022-06-15 15:26:14-05:00,15.5,0,4.15312180105796,3.5331267106445,223.89,129.77935,5.975069062351171,5.631146495270422,1.0,0.8186757493569613,0.0,0.1813242506430387,,,,,0.0,0.0,,,,,0.0,0.0,,,,,0.0,0.0,,,,,,,,
91,2022-06-18 08:08:14-05:00,8.0,1,2.652033292593468,2.7690939856779533,61.9879,,3.991886793895352,4.388615236400822,0.5357446603754374,0.5701494775803757,0.4642553396245625,0.4298505224196243,3.02607798576355,3.0647082328796387,2.9045023918151855,2.7068674564361572,2.63169599992157,2.7361429983401693,7.530356407165527,7.492692947387695,7.643081188201904,7.837076187133789,8.068660085667899,7.837444877552922,169.35997009277344,168.3516082763672,169.51876831054688,171.56272888183594,174.93050521962002,172.46239396074398,167.834228515625,173.81446838378906,7.439990520477295,8.161706924438477,3.050363540649414,2.666102170944214,0.3842613697052002,-0.7217164039611816
92,2022-06-19 07:20:43-05:00,7.5,0,,3.601775083622301,,57.78017,,5.7029242582682205,,0.8342135162875518,,0.1657864837124482,,,,,0.0,,0.0,0.0,0.0,0.0,0.0,,0.0,0.0,0.0,0.0,0.0,,0.0,0.0,0.0,0.0,,,,0.0
93,2022-06-19 13:49:57-05:00,14.0,1,,3.601775083622301,,357.30145000000005,,5.7029242582682205,,0.9999999910420242,,8.95797578501027e-09,4.993127822875977,5.128727912902832,5.3264241218566895,5.015841960906982,5.885195445179864,,2.5005710124969482,2.615950107574463,2.8267126083374023,2.9799509048461914,2.3105587741135505,,110.21186828613281,113.3021469116211,119.61119842529297,124.63394927978516,104.3336248345955,,115.12584686279297,130.34933471679688,2.6695823669433594,3.20177960395813,5.574003219604492,4.774060249328613,0.7999429702758789,-0.5321972370147705
94,2022-06-23 12:13:55-05:00,12.0,0,,2.255834645865012,,184.63365,,3.578543111999502,,0.2200134865998635,,0.7799865134001364,,,,,0.0,,,,,,0.0,,,,,,0.0,,214.97157287597656,,5.233261585235596,,3.169893980026245,,,
95,2022-06-30 09:50:12-05:00,10.0,0,5.266373695051474,4.528092623967983,249.16,241.37215,7.718006259224667,7.918226466400568,1.0,0.8839092335955914,0.0,0.1160907664044086,,,,,0.0,0.0,0.0,0.0,0.0,0.0,0.0,0.0,0.0,0.0,0.0,0.0,0.0,0.0,0.0,0.0,0.0,0.0,,,,0.0
96,2022-07-26 16:52:54-05:00,17.0,0,1.1106303346968107,,74.7004,62.08691,1.5036805979178105,,0.9916514825919897,0.8649154872315954,0.0083485174080103,0.1350845127684046,,,,,0.0,0.0,,,,,0.0,0.0,,,,,0.0,0.0,,,,,,,,
97,2022-07-31 14:27:14-05:00,14.5,0,3.8024930773745,3.91118803442496,307.699,336.86,5.594225336834547,6.611750131224754,1.0,1.0,0.0,0.0,,,,,0.0,0.0,0.0,0.0,0.0,0.0,0.0,0.0,0.0,0.0,0.0,0.0,0.0,0.0,0.0,0.0,0.0,0.0,,,,0.0
98,2022-08-04 19:19:07-05:00,19.5,1,3.197310669986715,2.8460795446417464,32.777,9.577806500000001,4.6290377378460255,4.771768814286827,0.9999999724547938,,2.7545206209351352e-08,,6.119561672210693,6.015200614929199,5.8353962898254395,6.183989524841309,,5.721608637215132,9.125382423400879,9.057206153869629,8.945157051086426,8.776830673217773,,9.100328094518485,53.60425567626953,53.2120361328125,52.656761169433594,51.843101501464844,,53.430376027473045,53.33824920654297,50.66367721557617,9.078143119812012,8.555601119995117,5.553332328796387,6.720078468322754,-1.1667461395263672,0.5225419998168945
99,2022-08-14 09:34:10-05:00,9.5,1,2.145142744337308,1.477072685745961,49.4629,68.31808000000001,2.873182941910005,2.5177619131915208,0.570192552558316,0.2212251262586586,0.429807447441684,0.7787748737413414,6.798680782318115,6.872614860534668,6.954831123352051,6.8856425285339355,7.014789234077055,6.941604651576236,7.475320816040039,7.466904163360596,7.010220527648926,6.820481300354004,6.736239122955517,7.229892638461262,274.6322021484375,273.7200927734375,257.1018371582031,253.452392578125,250.22834564719395,265.05553594059234,250.14703369140625,267.723388671875,6.837520122528076,7.274360656738281,6.979895114898682,6.9169511795043945,0.06294393539428711,-0.4368405342102051
100,2022-08-18 07:56:25-05:00,8.0,1,3.741522855526895,3.6038968718136273,48.797,,5.011358649042849,6.374564430780457,,0.4883800914234682,,0.5116199085765317,5.458701133728027,5.365476131439209,5.516134262084961,5.502804756164551,5.371626079900084,,10.670472145080566,10.600534439086914,10.617270469665527,10.417449951171875,10.59662422542489,,217.10804748535156,214.87283325195312,215.92904663085938,215.1917266845703,213.9918307837715,,215.4447021484375,217.5597381591797,10.661239624023438,10.498271942138672,5.456090450286865,5.682909965515137,-0.22681951522827148,0.16296768188476562
101,2022-08-19 13:37:19-05:00,13.5,0,3.4595986491454003,3.643400606058117,293.703,352.7918,4.615765999996674,6.444438544317786,1.0,0.9424346109362344,0.0,0.0575653890637655,,,,,0.0,0.0,,,,,0.0,0.0,,,,,0.0,0.0,,,,,,,,
102,2022-08-22 12:48:08-05:00,13.0,0,3.6345753783957817,3.101134966416892,370.598,294.0197,4.995946898232746,5.725100995688732,0.5392181302230347,0.1490021198152362,0.4607818697769654,0.8509978801847639,,,,,0.0,0.0,0.0,0.0,0.0,0.0,0.0,0.0,0.0,0.0,0.0,0.0,0.0,0.0,0.0,0.0,0.0,0.0,,,,0.0
103,2022-08-30 09:34:06-05:00,9.5,1,4.974270603232564,3.578106212568304,171.893,126.494,6.820770328715996,6.794015517069153,0.9899251098149984,0.846016909539327,0.0100748901850018,0.1539830904606731,4.217950344085693,4.676760673522949,4.75787878036499,4.8993449211120605,4.926115299793089,4.728044376239133,5.570050239562988,5.065808296203613,5.09970235824585,4.960971355438232,4.970885267948428,5.196374018254957,188.44749450683594,176.39804077148438,177.1199493408203,173.94281005859375,174.02337454809248,179.56236253613358,179.60511779785156,169.7040252685547,5.209163188934326,4.774035453796387,4.606481552124023,5.148755073547363,-0.5422735214233398,0.43512773513793945
104,2022-08-31 08:45:51-05:00,8.5,1,4.3420367129522965,4.012446113494655,109.581,,6.081381374049927,7.93365943208511,0.4516434442953413,0.0971362534570083,0.5483565557046587,0.9028637465429916,4.750399589538574,4.924651145935059,5.06760835647583,5.098855018615723,5.110861185401354,5.115413611375188,10.088741302490234,9.93557071685791,9.895209312438965,9.805366516113281,9.696234933899728,9.850950843676554,279.8468933105469,282.4638366699219,283.0248718261719,283.1601257324219,279.76374759278076,281.1004274314092,285.089599609375,278.2030029296875,10.049890518188477,9.485655784606934,5.066352844238281,5.0912909507751465,-0.024938106536865234,0.564234733581543
105,2022-10-06 12:29:24-05:00,12.5,1,1.481904756168566,1.1705441723229857,106.27,82.31632,1.952524028133719,2.078807858904146,0.9062014221176744,0.7096352526517041,0.0937985778823254,0.2903647473482958,1.327850103378296,1.881790280342102,1.925377368927002,1.9503694772720337,1.7482711763279188,1.7336811487931119,2.8481638431549072,4.116195201873779,4.033447265625,4.035059452056885,4.236346071004203,3.9346414765164677,140.6749725341797,180.05184936523438,177.8008270263672,178.60215759277344,182.3574363990415,173.7212540615763,181.4178009033203,170.06777954101562,4.178587913513184,3.7182319164276123,1.9715161323547363,1.8311917781829834,0.14032435417175293,0.4603559970855713
