,Date,good,ET10day,ET25day,LE10inst,LE25inst,ET10day_EB,ET25day_EB,fcorn_10,fcorn_25,fsoy_10,fsoy_25,fdep_10,fdep_25,AlexiET1,AlexiETg,AlexiFFP25,AlexiFFP10,JdayET1,JdayETg,JdayFFP25,JdayFFP10,JinstET1,JinstETg,JinstFFP25,JinstFFP10,JinstCorn,JinstSoy,JdayCorn,JdaySoy,AlexiCorn,AlexiSoy,JinstDep,JinstNoDep,JdayDep,JdayNoDep,AlexiDep,AlexiNoDep
0,2019-05-23 19:27:49-05:00,1,,4.741889313121225,,15.3386595,,5.8153265923828865,,,,,,,2.6614625453948975,2.7963013648986816,,,12.847899436950684,13.088081359863281,,,51.84038162231445,52.79811096191406,,,53.11833190917969,52.78477096557617,13.19843864440918,13.083483695983887,2.471909284591675,2.8098180294036865,52.574432373046875,53.00459289550781,13.036324501037598,13.135857582092285,2.7743618488311768,2.8165535926818848
1,2019-05-26 18:35:57-05:00,0,,3.4995273441889494,,48.758935,,4.5648921034805,,0.2085859694270625,,0.6093034121528331,,0.5299484134975236,,,0.0,,,,0.0,,,,0.0,,,,,,,,,,,,,
2,2019-05-30 16:54:48-05:00,0,,4.482915208364072,,83.467265,,6.252059573522396,,,,,,,,,,,,,,,,,,,,,,,,,,,,,,
3,2019-06-02 16:02:57-05:00,0,,2.0214204908441236,,115.786165,,2.773157375306921,,0.473085900289188,,0.480010311861449,,0.2889847573021406,,,0.0,,,,0.0,,,,0.0,,,,,,,,,,,,,
4,2019-06-06 14:21:49-05:00,0,,2.0739096372549746,,146.9045,,3.012770164084289,,0.1130989950110475,,0.7388913774038981,,0.59259787306958,,,0.0,,,,0.0,,,,0.0,,,,,,,,,,,,,
5,2019-06-07 13:31:42-05:00,0,,2.063818968769992,,184.17739999999998,,3.08637115321744,,0.3128469174221974,,0.5347023041021419,,0.3263008833901274,,,0.0,,,,0.0,,,,0.0,,,,,,,,,,,,,
6,2019-06-07 20:01:02-05:00,1,,2.063818968769992,,15.972234999999998,,3.08637115321744,,0.2172372157321055,,0.6184977778405572,,0.4177408823305252,2.8501405715942383,2.331192970275879,2.1083623015014497,,16.420732498168945,16.489177703857422,15.940437022857989,,44.41504669189453,44.60072708129883,43.55341779697069,,44.29525375366211,44.61345291137695,16.322410583496094,16.496126174926758,1.9360018968582153,2.347659111022949,44.541629791259766,44.66474533081055,16.466032028198242,16.514253616333008,2.406754970550537,2.2493340969085693
7,2019-06-10 12:40:20-05:00,1,,,,175.92669999999998,,,,0.6200793220765196,,0.3232187476737563,,0.3064900509350002,2.4243505001068115,2.4681668281555176,2.2000560511825666,,2.8009192943573,2.9333319664001465,2.511821836709121,,123.22052764892578,127.52510833740234,112.71312818734347,,119.7432861328125,128.5862579345703,2.703951120376587,2.964611291885376,2.5430362224578857,2.4579575061798096,128.4627227783203,126.90001678466797,2.962109327316284,2.914147138595581,2.474041700363159,2.464250087738037
8,2019-06-10 19:09:12-05:00,0,,,,33.185294999999996,,,,0.4598008325663782,,0.5231860233873162,,0.2161815917107608,,,0.0,,,,0.0,,,,0.0,,,,,,,,,,,,,
9,2019-06-10 19:10:04-05:00,1,,,,33.185294999999996,,,,0.4598008325663782,,0.5231860233873162,,0.2161815917107608,2.6326611042022705,2.6207191944122314,2.160186439152469,,3.307269811630249,3.4056668281555176,2.928271991201996,,33.38495635986328,34.12159729003906,30.250720930266112,,31.03078269958496,34.54307174682617,3.0051238536834717,3.460286855697632,2.4478304386138916,2.644294500350952,34.285682678222656,34.012203216552734,3.427765369415283,3.390934944152832,2.653635263442993,2.5987749099731445
10,2019-06-18 09:17:11-05:00,1,,3.0319244590953836,,185.6507,,4.0908675096003595,,0.4283514518654219,,0.4295300109439732,,0.2692753288071481,0.009999999776482582,0.009999999776482582,0.010451899162322628,,5.2811150550842285,5.231071949005127,4.42800573297272,,161.3579559326172,161.08685302734375,139.2559251120383,,159.103271484375,161.35733032226562,4.976535797119141,5.265781402587891,0.009999999776482582,0.010000001639127731,160.65972900390625,161.37159729003906,5.226040840148926,5.234426498413086,0.009999999776482582,0.010000000707805157
11,2019-06-18 09:18:03-05:00,1,,3.0319244590953836,,185.6507,,4.0908675096003595,,0.4283514518654219,,0.4295300109439732,,0.2692753288071481,1.4544986486434937,1.1426559686660767,1.0017768856554172,,5.150623321533203,5.122581958770752,5.465605533589476,,164.7316436767578,164.74388122558594,180.38259337470618,,163.06344604492188,164.9730224609375,5.002964973449707,5.138893127441406,0.996131420135498,1.1626365184783936,164.75531005859375,164.7362823486328,5.12542724609375,5.12068510055542,1.14333176612854,1.1422054767608643
12,2019-06-18 15:46:36-05:00,0,,3.0319244590953836,,190.40485,,4.0908675096003595,,0.5004794029911319,,0.3984755458341116,,0.2990598512599222,,,0.0,,,,0.0,,,,0.0,,,,,,,,,,,,,
13,2019-06-25 13:13:15-05:00,0,,5.822450846982419,,653.5741,,8.629404571357489,,0.0189540188685355,,0.98082649213657,,0.2547052416435339,,,0.0,,,,0.0,,,,0.0,,,,,,,,,,,,,
14,2019-06-25 13:14:07-05:00,1,,5.822450846982419,,653.5741,,8.629404571357489,,0.0189540188685355,,0.98082649213657,,0.2547052416435339,4.159822463989258,4.0653462409973145,4.152211294813058,,3.15671968460083,3.2120168209075928,3.3753602582673023,,135.8574676513672,137.3125457763672,142.17101121590807,,119.05533599853516,139.80218505859375,2.6521482467651367,3.288362979888916,3.595534563064575,4.129411220550537,137.0775604248047,137.4691925048828,3.1992897987365723,3.2205021381378174,4.155610084533691,4.005170822143555
15,2019-06-29 11:31:54-05:00,0,,2.830702690451495,,158.725415,,4.1654397743320555,,0.0194223451946043,,0.9633263190776268,,0.1287803999362765,,,0.0,,,,0.0,,,,0.0,,,,,,,,,,,,,
16,2019-07-02 10:40:00-05:00,0,,3.674575597241173,,240.64665000000002,,5.666215494566305,,0.0150571657496052,,0.9450944370406968,,0.1338684984922359,,,0.0,,,,0.0,,,,0.0,,,,,,,,,,,,,
17,2019-07-06 08:59:19-05:00,0,,3.856386464519198,,242.04815000000002,,5.65019331247161,,0.6301433662498104,,0.218975935780911,,0.400876846470618,,,0.0,,,,0.0,,,,0.0,,,,,,,,,,,,,
18,2019-07-06 09:00:11-05:00,0,,3.856386464519198,,242.04815000000002,,5.65019331247161,,0.6301433662498104,,0.218975935780911,,0.400876846470618,,,0.0,,,,0.0,,,,0.0,,,,,,,,,,,,,
19,2019-07-07 08:10:06-05:00,0,,2.784196598191842,,87.874705,,4.056840221494904,,0.0192097003848101,,0.9038679271077616,,0.3468114257594498,,,0.0,,,,0.0,,,,0.0,,,,,,,,,,,,,
20,2019-07-23 19:46:31-05:00,0,,3.391737342719427,,-1.1773714999999996,,4.696074812678587,,0.294485763692128,,0.6937352063334167,,0.2074272842489877,,,0.0,,,,0.0,,,,0.0,,,,,,,,,,,,,
21,2019-07-27 18:05:51-05:00,0,,5.2542754006707275,,189.14495,,7.497978540981887,,0.007348152951148,,0.9802173464509704,,0.0969437862591378,,,0.0,,,,0.0,,,,0.0,,,,,,,,,,,,,
22,2019-07-31 16:25:05-05:00,0,,3.982866306732843,,205.11534999999998,,5.762717577116816,,0.0385695723780368,,0.868191079820521,,0.3589480401234535,,,0.0,,,,0.0,,,,0.0,,,,,,,,,,,,,
23,2019-08-04 14:44:20-05:00,0,,3.5402276459821302,,349.21495000000004,,5.249383253343642,,0.0059342532909632,,0.9934426133081236,,0.386426921752842,,,0.0,,,,0.0,,,,0.0,,,,,,,,,,,,,
24,2019-08-08 19:32:46-05:00,0,,3.995114887651952,,1.8356905,,6.018183974190195,,,,,,,,,,,24.722429275512695,24.272916793823242,,,109.37783813476562,107.53926086425781,,,107.74169921875,107.53082275390625,24.224885940551758,24.274917602539062,,,107.33245086669922,107.76327514648438,24.22336196899414,24.326597213745117,,
25,2019-08-08 19:33:37-05:00,0,,3.995114887651952,,1.8356905,,6.018183974190195,,,,,,,,,,,89.34798431396484,89.69648742675781,,,158.33753967285156,159.04518127441406,,,158.2756805419922,159.0772247314453,89.11853790283203,89.7205581665039,,,159.1813201904297,158.91949462890625,89.71996307373047,89.6748046875,,
26,2019-08-23 13:44:26-05:00,0,,4.085226218122809,,402.9772,,6.511324840638875,,0.2151396764078818,,0.5881230634942232,,0.4419058394993562,,,0.0,,,,0.0,,,,0.0,,,,,,,,,,,,,
27,2019-09-03 09:38:27-05:00,1,,3.1189137840269634,,92.625325,,5.188818136680413,,0.1918151321582333,,0.8046615933583287,,0.1154991553668902,4.657041072845459,4.672088146209717,4.732516061630148,,5.986477375030518,6.020097255706787,6.202321930774524,,200.64395141601562,201.8164520263672,208.0445314422387,,206.16738891601562,201.63514709472656,6.141149997711182,6.015052795410156,4.6030097007751465,4.674966812133789,201.83399963378906,201.7974090576172,6.020317554473877,6.019857406616211,4.654587268829346,4.691047191619873
28,2019-09-04 08:49:41-05:00,1,,2.7719241266417387,,122.607,,4.611544652334104,,0.082765458023058,,0.8514394729833092,,0.3613117033770538,4.781457424163818,4.726673603057861,4.76461129719937,,8.77367877960205,8.72537612915039,9.011312551779604,,237.37020874023438,235.83668518066406,244.19413973430596,,230.43556213378906,236.06175231933594,8.535922050476074,8.733269691467285,4.678299427032471,4.728689193725586,236.22853088378906,235.41221618652344,8.74246597290039,8.706860542297363,4.746846675872803,4.704819202423096
29,2019-09-07 07:59:50-05:00,0,,,,,,,,,,,,,,,,,,,,,,,,,,,,,,,,,,,,
30,2019-09-07 08:00:42-05:00,1,,,,,,,,,,,,,4.18092679977417,4.425508975982666,,,12.028400421142578,11.944594383239746,,,219.68812561035156,218.04122924804688,,,218.67347717285156,218.014892578125,11.93051528930664,11.945181846618652,4.499208927154541,4.422438144683838,217.88111877441406,218.18898010253906,11.935118675231934,11.953340530395508,4.441482067108154,4.410764694213867
31,2019-10-07 13:18:40-05:00,1,,1.1653008895985115,,80.082405,,1.4429615856657076,,0.0031243192801866,,0.9956286498592338,,0.3187128474667392,0.009999999776482582,0.027540020644664764,0.011900096115801652,,4.866763591766357,4.423428058624268,4.530758273079478,,184.53189086914062,172.0594482421875,174.60736201301688,,157.85696411132812,172.65122985839844,3.8992254734039307,4.44527006149292,0.09464820474386215,0.02474384568631649,169.552490234375,174.37356567382812,4.354306697845459,4.487232208251953,0.01705401949584484,0.03721940517425537
32,2019-10-18 15:44:28-05:00,0,,0.6673159411708202,,34.012295,,0.8369027981663392,,0.1776068949691697,,0.7910501699295511,,0.2719606484953143,,,0.0,,,,0.0,,,,0.0,,,,,,,,,,,,,
33,2019-10-19 14:55:54-05:00,0,,0.767865003615898,,77.05892,,0.9630046736372668,,,,,,,,,,,,,,,,,,,,,,,,,,,,,,
34,2019-10-23 13:18:18-05:00,0,,2.028900173829042,,125.04037500000001,,2.5445102205988563,,0.0587846761930955,,0.9297710492914032,,0.2025202950261801,,,0.48145841174131265,,,,0.8022873173505973,,,,30.118263708143402,,,,,,,,,,,,,
35,2019-12-22 12:48:44-06:00,0,,0.4780100757267448,,75.398435,,0.747107041734029,,0.1615155455811438,,0.8384844544188561,,0.1678863445004475,,,0.0,,,,0.0,,,,0.0,,,,,,,,,,,,,
36,2019-12-26 11:11:30-06:00,0,,0.543234571342357,,41.45481,,0.8478228018990425,,0.1598914586526431,,0.8401085413473568,,0.189726833511542,,,0.0,,,,0.0,,,,0.0,,,,,,,,,,,,,
37,2020-02-22 12:25:54-06:00,0,,,,,,,,,,,,,,,,,,,,,,,,,,,,,,,,,,,,
38,2020-04-05 13:49:21-05:00,1,,,,,,,,,,,,,2.0149471759796143,2.0074429512023926,,,4.96122932434082,4.982919692993164,,,182.73922729492188,183.34585571289062,,,181.56246948242188,186.51632690429688,4.923526763916016,5.088507175445557,1.8485840559005737,2.28985857963562,183.071044921875,183.5995330810547,4.97374963760376,4.991384506225586,1.9409183263778687,2.06885027885437
39,2020-04-21 14:10:27-05:00,1,,,,,,,,,,,,,1.8988703489303589,2.1132919788360596,,,2.7634520530700684,2.846226692199707,,,102.13469696044922,104.5500717163086,,,103.47297668457031,107.96089935302734,2.8088066577911377,2.964724540710449,2.01237416267395,2.43286395072937,104.2014389038086,104.78250122070312,2.8362362384796143,2.8528873920440674,2.080416440963745,2.1352086067199707
40,2020-05-30 15:57:41-05:00,1,,,,,,,,,,,,,1.2266169786453247,1.7660146951675415,,,6.976065635681152,7.00132942199707,,,212.2527618408203,212.4105224609375,,,211.98492431640625,213.75823974609375,6.989264011383057,7.0395355224609375,1.7599916458129883,1.7850877046585083,211.8693084716797,212.99684143066406,6.977158069610596,7.027514934539795,1.8013676404953003,1.7277158498764038
41,2020-06-07 12:48:39-05:00,1,,,,,,,,,,,,,3.8373029232025146,3.5120699405670166,,,8.53537368774414,8.665735244750977,,,342.80926513671875,345.8475036621094,,,344.012451171875,351.6585693359375,8.551480293273926,9.027545928955078,3.5759024620056152,3.30993390083313,346.6445007324219,344.9841613769531,8.713254928588867,8.614255905151367,3.454068422317505,3.57490611076355
42,2020-06-07 19:17:53-05:00,1,,,,,,,,,,,,,0.5181172490119934,0.19488056004047394,,,12.329324722290039,12.460760116577148,,,110.74768829345703,111.76614379882812,,,111.56060791015625,112.4169692993164,12.44568157196045,12.50851058959961,0.18912118673324585,0.2131185382604599,111.36338806152344,112.0346450805664,12.388985633850098,12.508610725402832,0.14077693223953247,0.23094962537288666
43,2020-06-07 19:18:45-05:00,0,,,,,,,,,,,,,,,,,,,,,,,,,,,,,,,,,,,,
44,2020-06-14 10:26:38-05:00,1,,,,,,,,,,,,,5.309464931488037,5.097660064697266,,,5.659964084625244,5.669083118438721,,,191.34771728515625,191.48947143554688,,,189.6682891845703,197.256591796875,5.590419292449951,5.918185710906982,5.198022365570068,4.779846668243408,191.60018920898438,191.41567993164062,5.677065372467041,5.663761615753174,5.01756477355957,5.15105676651001
45,2020-06-18 08:52:29-05:00,1,,,,,,,,,,,,,4.830678939819336,4.623218536376953,,,7.39586067199707,7.569958686828613,,,193.91429138183594,197.02035522460938,,,194.3839569091797,205.36900329589844,7.4244561195373535,8.030716896057129,4.8143391609191895,4.018003940582275,197.46551513671875,196.5381317138672,7.5959296226501465,7.54182243347168,4.540162563323975,4.71319580078125
46,2020-06-19 14:33:57-05:00,0,,,,,,,,,,,,,,,,,,,,,,,,,,,,,,,,,,,,
47,2020-07-05 08:15:52-05:00,1,,3.337229456765591,,73.90523999999999,,5.25447456565444,,,,,,,4.534411430358887,4.669883728027344,,,14.387703895568848,14.2816743850708,,,362.2378234863281,358.1431884765625,,,362.34967041015625,344.8226623535156,14.312273979187012,14.184779167175293,4.7410807609558105,4.4444260597229,356.2257995605469,360.2203369140625,14.251646041870117,14.31420612335205,4.646910667419434,4.694771766662598
48,2020-07-09 06:41:55-05:00,0,,5.191070676067169,,5.814047,,8.173351335075862,,0.4652632198832719,,0.4878998871206887,,0.1753463992614593,,,0.0,,,,0.0,,,,0.0,,,,,,,,,,,,,
49,2020-08-04 13:59:09-05:00,0,,,,371.0725,,,,0.2065188540436281,,0.7300944084157579,,0.3204822344254837,,,0.0,,,,0.0,,,,0.0,,,,,,,,,,,,,
50,2020-08-05 19:41:20-05:00,0,,3.0203409583052134,,7.058866999999999,,4.134750961096039,,,,,,,6.706250190734863,,,,44.25178527832031,,,,38.10746765136719,,,,37.87257385253906,38.82658767700195,43.94840621948242,44.70084762573242,6.939797401428223,8.353751182556152,38.38252639770508,37.56817626953125,44.43500900268555,43.53953170776367,7.411907196044922,7.056042194366455
51,2020-08-08 12:25:34-05:00,1,,3.722250970712436,,330.06425,,5.405614885832569,,0.9135058397080128,,0.086494134833539,,0.1314936180430338,4.681816577911377,4.669633388519287,4.8836579818918056,,6.810497283935547,6.8004865646362305,6.83644453483341,,336.26373291015625,335.9614562988281,338.3104186254913,,336.41131591796875,335.16168212890625,6.814347267150879,6.775845527648926,4.749720573425293,4.527255535125732,336.1344299316406,335.8017578125,6.805701732635498,6.7956719398498535,4.708374500274658,4.633872032165527
52,2020-08-09 18:07:31-05:00,0,,3.5423825064333263,,90.06509,,5.144402072497496,,0.9160356646851008,,0.0839642142572319,,0.1528782646946467,,,0.0,,,,0.0,,,,0.0,,,,,,,,,,,,,
53,2020-08-12 17:21:29-05:00,1,,4.0362639403162195,,210.7995,,5.861638188987168,,0.536609851481994,,0.353832684182756,,0.4053004855576194,0.9802749156951904,1.3004978895187378,1.2090958259603735,,2.3170318603515625,2.3157644271850586,2.4872759951083108,,62.27373504638672,62.248531341552734,66.16168698142334,,62.41925048828125,61.94502258300781,2.322199821472168,2.304323673248291,1.0856900215148926,1.6823787689208984,61.88593673706055,62.49024963378906,2.300116539001465,2.3261961936950684,1.064718246459961,1.4576843976974487
54,2020-08-16 09:18:11-05:00,1,,3.4743321405559136,,134.9171,,5.070440429112218,,0.274249391016979,,0.6830245375274362,,0.2846106045001395,5.0259108543396,5.049256324768066,5.184226363257727,,6.736921310424805,6.741382598876953,6.63662649709885,,224.48265075683594,224.54351806640625,221.90198403230377,,224.95567321777344,223.2383575439453,6.757802963256836,6.6893839836120605,5.051069736480713,5.043513774871826,224.4429168701172,224.61058044433594,6.738818168640137,6.7430925369262695,4.988137722015381,5.090002536773682
55,2020-08-24 12:40:35-05:00,1,,3.686613843748269,,327.1657,,5.23434600801382,,0.9966749225133776,,0.0032757242283697,,0.2443859967069184,4.234579563140869,4.682725429534912,5.077638396639166,,6.468140602111816,6.2915263175964355,6.2904362143421375,,302.7113342285156,297.5559387207031,299.54142135473296,,297.890380859375,296.9613342285156,6.287448406219482,6.298776149749756,4.763434886932373,4.539242267608643,296.5097961425781,298.5216064453125,6.2399749755859375,6.339112281799316,4.742071628570557,4.6279449462890625
56,2020-08-28 11:06:52-05:00,1,,2.7814084394370777,,206.7106,,4.059187559120103,,0.9396781243931914,,0.0603218756065047,,0.1481880362556294,4.015357494354248,3.674697160720825,3.8225175929423076,,14.980566024780273,15.001399993896484,15.120270028888232,,620.1577758789062,639.2838134765625,649.6334928542259,,639.5293579101562,638.5062866210938,15.022787094116211,14.933677673339844,3.6700263023376465,3.689488410949707,637.87744140625,640.221435546875,14.993940353393555,15.00637435913086,3.62298583984375,3.7091715335845947
57,2020-09-24 17:44:24-05:00,0,,1.0958914566149238,,23.241265,,1.5388813766318292,,0.8799475705661901,,0.1083418387418244,,0.1976534267424493,,,0.0,,3.370854377746582,3.3823180198669434,3.60759806742863,,50.22154998779297,50.33454513549805,52.800437767205146,,50.86259841918945,49.395782470703125,3.4302172660827637,3.297163963317871,,,50.50421142578125,50.221431732177734,3.397397518157959,3.372265100479126,,
58,2020-09-24 17:45:16-05:00,0,,1.0958914566149238,,23.241265,,1.5388813766318292,,0.8799475705661901,,0.1083418387418244,,0.1976534267424493,,,0.0,,,,0.0,,,,0.0,,,,,,,,,,,,,
59,2020-10-06 13:08:12-05:00,1,,0.9902640950888644,,72.06684999999999,,1.644625522350092,,0.9801727527018044,,0.0182413022932489,,0.2150392047498444,1.8989909887313843,2.016770601272583,1.9661404982152717,,4.092745780944824,4.157092094421387,4.515285789212873,,166.52622985839844,168.3341064453125,178.74158920015952,,171.38809204101562,162.90476989746094,4.260012626647949,3.9741220474243164,2.180818557739258,1.72512948513031,166.55804443359375,169.51812744140625,4.095911979675293,4.197878360748291,2.1101863384246826,1.9544931650161743
60,2020-10-10 18:04:36-05:00,1,,0.2249715625646103,,0.974562775,,0.3929177442268385,,,,,,,0.009999999776482582,0.009999999776482582,,,9.908525466918945,9.516292572021484,,,47.30660629272461,45.414268493652344,,,45.777191162109375,44.769065856933594,9.631149291992188,9.312105178833008,0.009999999776482582,0.009999999776482582,44.88900375366211,45.764442443847656,9.377111434936523,9.609081268310547,0.009999999776482582,0.010000000707805157
61,2020-10-11 17:16:16-05:00,1,,0.4293811830587502,,11.185179999999999,,0.749923607844625,,0.611999610241632,,0.2551093953990648,,0.5018835287530174,0.009999999776482582,0.0541144460439682,0.06092201990209009,,9.181546211242676,9.304573059082031,9.494393072932938,,126.09391021728516,126.73865509033203,128.76544692039835,,127.08792877197266,126.11767578125,9.397073745727539,9.140128135681152,0.0597822442650795,0.044038355350494385,126.67770385742188,126.79488372802734,9.292889595031738,9.315359115600586,0.0614914707839489,0.04730488732457161
62,2020-12-21 12:07:37-06:00,0,,1.10764163367301,,95.902415,,1.6457472192982083,,,,,,,,,,,,,,,,,,,,,,,,,,,,,,
63,2021-04-01 15:02:57-05:00,1,,0.7792054679322528,,59.20606,,1.1684746238787438,,0.7356378104019511,,0.2221668296057576,,0.284137382852281,2.214570999145508,2.2317111492156982,2.4309049685509305,,3.690598249435425,3.6941077709198,3.707749641797882,,111.83724212646484,111.94357299804688,112.35710748467761,,111.90293884277344,111.97052764892578,3.692765951156616,3.694997787475586,2.349925994873047,2.173675060272217,111.8815689086914,111.98489379882812,3.69206166267395,3.6954715251922607,2.1915833950042725,2.25846266746521
64,2021-04-05 13:30:42-05:00,1,,0.5777539190284963,,22.632053000000003,,0.8521643721284288,,0.1702341275018822,,0.8280084956554359,,0.2092906511459694,1.5205987691879272,1.461456298828125,1.2814453960070886,,4.019960403442383,4.615354537963867,4.752961674949969,,154.229736328125,170.93699645996094,174.8738391662825,,164.4941864013672,175.20260620117188,4.400304317474365,4.760091304779053,1.677990436553955,1.3494927883148193,171.8789825439453,170.3090057373047,4.649794101715088,4.59239387512207,1.4328782558441162,1.4805080890655518
65,2021-04-09 11:58:05-05:00,1,,2.3253547107102275,,214.6251,,3.4613765567376102,,,,,,,2.593043088912964,2.708395481109619,,,4.580075263977051,5.4566731452941895,,,174.0226593017578,199.30780029296875,,,197.9326171875,201.00833129882812,5.435713291168213,5.508532524108887,2.642735004425049,2.7258243560791016,197.0274200439453,200.82798767089844,5.382691860198975,5.505993366241455,2.6944727897644043,2.717677116394043
66,2021-04-13 10:25:35-05:00,1,,1.9382230306583117,,135.49995,,3.045478838852215,,0.3696906943297657,,0.4578836252834627,,0.2566528796532324,2.376173496246338,2.4453611373901367,2.156268764123655,,5.740656852722168,6.218960762023926,5.977084674989073,,179.42608642578125,191.2816162109375,184.93292312459903,,187.01507568359375,194.15586853027344,6.050233364105225,6.333217620849609,2.3810575008392334,2.481837034225464,192.4409942626953,190.5087127685547,6.268670082092285,6.18582010269165,2.456474781036377,2.4379518032073975
67,2021-04-13 16:55:19-05:00,1,,1.9382230306583117,,75.68157,,3.045478838852215,,0.2762754800489453,,0.572187246198813,,0.222312549897553,2.2129833698272705,2.2035131454467773,1.9830045737207813,,3.6356146335601807,3.9494478702545166,3.906405585605768,,82.35749053955078,87.98863220214844,87.0005730917575,,85.61112976074219,89.52934265136719,3.826700210571289,4.0304365158081055,2.143061399459839,2.233146905899048,86.53981018066406,88.95453643798828,3.8696365356445312,4.002655982971191,2.137927532196045,2.247236728668213
68,2021-04-14 16:08:01-05:00,1,,1.265644222950113,,55.10962,,1.9389128933724704,,0.5543424780890505,,0.2838311126675495,,0.3378383767273327,1.1354042291641235,1.0777660608291626,0.8031932513716494,,3.2310287952423096,3.5321788787841797,2.4871177241604454,,87.60861206054688,94.32488250732422,66.86620536084436,,91.89415740966797,95.96002197265625,3.432377815246582,3.6017374992370605,1.1349860429763794,1.064639925956726,93.7479476928711,94.85742950439453,3.506457567214966,3.5559213161468506,1.046500563621521,1.1066266298294067
69,2021-04-25 12:17:45-05:00,0,,1.6124025852100732,,105.637065,,2.716029620683023,,0.0269681343235111,,0.9674129214953694,,0.2749255097704859,,,0.0,,,,0.0,,,,0.0,,,,,,,,,,,,,
70,2021-05-22 18:57:47-05:00,0,,1.4566746934670634,,15.082919999999998,,2.496306413668453,,0.0900829150766388,,0.9092699115684986,,0.2383087015670575,,,0.0,,,,0.0,,,,0.0,,,,,,,,,,,,,
71,2021-05-26 17:24:55-05:00,1,,2.9803277208060712,,80.24818,,5.108558719087544,,0.4893213202269131,,0.3203748030503609,,0.3343667967744538,0.009999999776482582,0.9230488538742065,0.9432779598599839,,6.7417755126953125,6.907134532928467,6.92955544598727,,158.86183166503906,154.63087463378906,153.84364658535105,,155.42489624023438,153.96942138671875,6.932375907897949,6.904848575592041,1.0834132432937622,0.8999320864677429,154.6477508544922,154.61961364746094,6.915377140045166,6.901639461517334,0.9374969601631165,0.9134167432785034
72,2021-06-08 18:28:46-05:00,1,,2.8211708378207487,,73.481705,,5.104581678853783,,0.0088555153435417,,0.9594637167099715,,0.2389186533642366,0.6965745091438293,0.8898738026618958,1.3556501598822963,,9.185524940490723,9.379432678222656,9.296675378312614,,146.2693634033203,149.90512084960938,148.15154173740126,,159.2554473876953,147.63587951660156,10.071080207824707,9.207624435424805,1.1280262470245361,0.8373757004737854,148.64830017089844,151.26666259765625,9.302968978881836,9.462265968322754,1.025350570678711,0.7431073188781738
73,2021-07-06 07:41:40-05:00,1,,4.053301455950069,,42.898685,,6.837275799623891,,0.1025315314058954,,0.8974621124726975,,0.1989213794971822,7.52773380279541,7.470283031463623,7.607199677698018,,8.861554145812988,7.583179950714111,8.126642606278315,,172.6011505126953,151.7821044921875,160.7523688747938,,125.12628173828125,161.0705108642578,5.989630699157715,8.135430335998535,7.353331089019775,7.5126190185546875,154.175048828125,150.1868133544922,7.732846260070801,7.483401775360107,7.465712070465088,7.473330497741699
74,2021-08-22 06:43:10-05:00,0,3.2583257279788733,2.8445511810176254,18.4049,13.889455,4.69959090812411,5.587588584092492,0.3455406856026905,0.7780905128617301,0.3358051742953474,0.2060873647499302,0.5873399670733099,0.2173012683806059,,,0.0045110974802374994,0.0,,,0.011147786990291737,0.0,,,0.06188257668938581,0.0,,,,,,,,,,,,
75,2021-08-22 13:13:09-05:00,0,3.2583257279788733,2.8445511810176254,208.274,198.4071,4.69959090812411,5.587588584092492,0.2462399151767962,0.5932910685820679,0.5141579209491876,0.2501092556085757,0.5231091989844507,0.3792469998204707,,,0.0,2.399317761918641e-14,,,0.0,1.238841058182156e-14,,,0.0,6.173743695395151e-13,,,,,,,,,,,,
76,2021-08-23 12:26:07-05:00,0,3.468774145206796,2.8740328849850467,340.62300000000005,401.39085,5.003127617097324,5.722444425120453,0.090165010854949,0.1090567217062762,0.7987288186730743,0.8115748045855226,0.2625656860339476,0.1738644495578411,,,0.0,0.0,,,0.0,0.0,,,0.0,0.0,,,,,,,,,,,,
77,2021-08-27 10:55:12-05:00,1,4.502963153885027,3.3972370408050048,312.89799999999997,294.0094,6.380613676945756,4.95676489309549,0.0693841272273966,0.0750285578402883,0.9264509300393422,0.9249540265879096,0.3797301443252732,0.1591159644760631,4.996720314025879,5.064552307128906,5.176211506855523,5.117117676981863,5.399869918823242,5.386818885803223,5.299335365746146,5.3150824599014355,241.4733123779297,241.0466766357422,238.37446012300546,238.61446278408673,246.1858367919922,239.6832275390625,5.5380096435546875,5.346731662750244,5.012168884277344,5.085094451904297,241.44973754882812,240.61004638671875,5.400269508361816,5.372246265411377,5.0634684562683105,5.065726280212402
78,2021-08-31 09:23:58-05:00,1,,2.6783119765456047,91.3219,142.37885,,3.890667786328919,0.2441477713175126,0.3462498748557737,0.4932752803235987,0.4885603859836891,0.7839214246406786,0.4493947353437128,0.5084003210067749,1.418157935142517,1.5218597738329305,1.264741362801329,7.045408725738525,7.4145917892456055,7.123808444033407,7.1947380286192075,213.54690551757812,224.46315002441406,213.86817736736577,216.863576117499,211.86700439453125,231.44349670410156,7.020203590393066,7.634859085083008,1.5005764961242676,1.4338085651397705,227.38876342773438,222.5126953125,7.514330863952637,7.348098278045654,1.433569312095642,1.4078837633132935
79,2021-10-09 11:37:11-05:00,1,1.3476024588585254,1.230499133872081,117.70299999999999,108.810485,1.901173761277159,1.692974440963505,0.0102051012957178,0.0107823508351779,0.9866379694515086,0.9571239307394426,0.5132313977519152,0.2383640444818193,2.4565303325653076,2.4195995330810547,2.6278419651077014,2.388781876193766,12.379790306091309,11.906915664672852,11.821587993224401,12.258887564147889,457.2830810546875,434.9464111328125,435.33723899498733,451.2807774698752,398.16259765625,450.4544982910156,11.23950481414795,12.212593078613281,2.4563684463500977,2.3972764015197754,442.88232421875,427.62091064453125,12.100768089294434,11.727972984313965,2.4125664234161377,2.4260919094085693
80,2021-10-10 17:20:11-05:00,1,1.9320896143908584,1.3667088918085906,73.9512,27.54838,2.676510559441079,1.8787791636378977,0.0280085236574495,,0.9702648398206604,,0.2538179752061163,,2.5379626750946045,2.6592977046966553,,2.65002881201493,9.07291030883789,10.654740333557129,,9.732988687196768,116.16018676757812,129.5216827392578,,119.41733402059162,143.2935791015625,125.55314636230469,12.310029983520508,10.259903907775879,2.800025463104248,2.634258985519409,129.49490356445312,129.5507049560547,10.787527084350586,10.510885238647461,2.698725461959839,2.616584062576294
81,2021-10-26 11:11:53-05:00,0,1.598170716582648,1.1564243303301394,127.09299999999999,,1.9321459318937668,1.8471304859012905,0.2508758140043005,0.2605831921070587,0.5143738311202362,0.6062228954472346,0.7591914860733086,0.2859746600903325,,,0.0,0.0,,,0.0,0.0,,,0.0,0.0,,,,,,,,,,,,
82,2022-04-19 13:51:46-05:00,0,2.191539197890602,1.826851459811128,204.412,173.2065,2.759519703367106,2.5944249864360915,0.925044606093172,0.8326361911224971,0.0062878092232237,0.0886019810669779,0.2294084621031223,0.171130819691798,,,0.0,0.0,,,0.0,0.0,,,0.0,0.0,,,,,,,,,,,,
83,2022-04-22 13:02:56-05:00,0,,2.679912915643885,317.92400000000004,280.90525,,4.0929422130717,0.9620720061585,0.8468140016027422,0.01884107796852,0.1151695133943495,0.6827189420720616,0.3658159752427575,,,0.0,0.0,,,0.0,0.0,,,0.0,0.0,,,,,,,,,,,,
84,2022-04-23 12:14:32-05:00,0,3.040275946417364,2.75806353970416,164.172,141.33384999999998,4.42217975732104,4.212299072142377,0.999482523517302,0.7235810931541848,0.0,0.2707767054099416,0.1740285627138102,0.0732290088749557,,,0.0,0.0,,,0.0,0.0,,,0.0,0.0,,,,,,,,,,,,
85,2022-05-23 17:44:57-05:00,1,3.6221721777013425,3.597350670115372,114.137,,4.905518309857363,6.389842694974724,0.511504119676704,0.5756412126625546,0.2698871480499847,0.280013538842842,0.7363450326173171,0.3334453915095191,0.009999999776482582,0.15902218222618103,0.6491526514980122,0.17439934490926495,3.6244728565216064,3.690793752670288,3.5540653695767364,3.649561297588755,70.90155029296875,71.72748565673828,69.49405392608939,71.0781301431197,71.05381774902344,72.75321197509766,3.641916275024414,3.7658543586730957,0.04846728593111038,0.3287012577056885,71.74188232421875,71.71418762207031,3.691962242126465,3.6897149085998535,0.16332954168319702,0.15504615008831024
86,2022-06-03 13:45:45-05:00,1,2.149397659087161,1.5832120951905797,166.575,-4.259219999999999,2.8473968131512764,2.758647139450592,0.7788628350468955,0.2455197353915701,0.0672492654048749,0.6328274997999366,0.2671376063504643,0.3264093686166243,1.271144986152649,1.8134942054748535,2.0889948399010523,1.8411805024991341,3.958618402481079,3.9344491958618164,4.181664681256086,3.9563605286569903,154.365234375,153.2315673828125,159.6136875389857,153.7695251613269,151.1106719970703,156.0874786376953,3.8576557636260986,4.039542198181152,1.613563895225525,2.1476316452026367,153.11087036132812,153.31202697753906,3.927536725997925,3.939056634902954,1.7760683298110962,1.8384445905685425
87,2022-06-11 10:33:15-05:00,0,2.319379132167513,2.108948906012996,149.131,175.0412,3.5492263746070742,3.6747103464491166,0.995722254147938,0.9887078036199092,0.000115816404576,0.0001500685957079,0.4658076829423345,0.4367967466294463,,,0.0,0.0,,,0.0,0.0,,,0.0,0.0,,,,,,,,,,,,
88,2022-06-15 08:55:58-05:00,1,4.15312180105796,3.5331267106445,154.66299999999998,113.5923,5.975069062351171,5.631146495270422,0.994803508785944,0.951753673035115,0.0,0.0481766243736379,0.372588967497066,0.2633022100062275,5.754818439483643,5.372131824493408,5.666061295243101,5.660966398644747,5.195412635803223,6.097132682800293,5.222063513771902,5.162778210471739,147.67059326171875,164.49790954589844,147.63454232528824,146.80343343571138,156.2984161376953,198.8522186279297,5.659255027770996,7.931821346282959,5.501878261566162,4.85806941986084,166.58816528320312,162.23350524902344,6.2028374671936035,5.982618808746338,5.301435470581055,5.448719501495361
89,2022-06-15 08:56:50-05:00,1,4.15312180105796,3.5331267106445,154.66299999999998,113.5923,5.975069062351171,5.631146495270422,0.994803508785944,0.951753673035115,0.0,0.0481766243736379,0.372588967497066,0.2633022100062275,5.140463829040527,5.093674182891846,4.103842324887686,5.487466821982997,4.882058143615723,6.540154457092285,3.715448201942246,5.216005277689805,148.0969696044922,182.73623657226562,111.11633017819766,155.43795759657692,167.85108947753906,207.0393524169922,5.80165958404541,7.7398576736450195,5.411784648895264,4.643641471862793,181.73614501953125,183.40293884277344,6.472963809967041,6.584949970245361,5.110477447509766,5.082472324371338
90,2022-06-15 15:26:14-05:00,0,4.15312180105796,3.5331267106445,223.89,129.77935,5.975069062351171,5.631146495270422,0.9950825318001374,0.8160995788328542,0.0,0.1807536679792926,0.3679417004792814,0.0770145571613783,,,0.0,0.0,,,0.0,0.0,,,0.0,0.0,,,,,,,,,,,,
91,2022-06-18 08:08:14-05:00,1,2.652033292593468,2.7690939856779533,61.9879,,3.991886793895352,4.388615236400822,0.4046056581182321,0.50329027088034,0.3506154164785615,0.3794436272830405,0.6908332742232031,0.2236167609918105,3.02607798576355,3.0647082328796387,2.63169599992157,2.7361429983401693,8.16343879699707,8.122608184814453,8.746998549431506,8.496345030444463,169.35997009277344,168.3516082763672,174.93050521962002,172.46239396074398,165.7411651611328,171.90542602539062,7.773551940917969,8.60720443725586,3.315662145614624,2.717236042022705,168.7023468017578,168.11781311035156,8.115432739257812,8.127391815185547,3.0475401878356934,3.07615327835083
92,2022-06-19 07:20:43-05:00,0,,3.601775083622301,,57.78017,,5.7029242582682205,,0.7331652394535793,,0.1457047682110515,,0.5675199939951016,,,0.0,,,,0.0,,,,0.0,,,,,,,,,,,,,
93,2022-06-19 13:49:57-05:00,1,,3.601775083622301,,357.30145000000005,,5.7029242582682205,,0.9992294047386696,,8.951072891502721e-09,,0.3349221391209865,4.993127822875977,5.128727912902832,5.885195445179864,,2.7107958793640137,2.8358750343322754,2.5048092481847757,,110.21186828613281,113.3021469116211,104.3336248345955,,101.92790985107422,129.53512573242188,2.4312613010406494,3.414841890335083,5.217413425445557,5.018128395080566,109.31648254394531,115.95926666259766,2.691908359527588,2.9318528175354004,4.985996246337891,5.223882675170898
94,2022-06-23 12:13:55-05:00,0,,2.255834645865012,,184.63365,,3.578543111999502,,0.1953485871886927,,0.6925451060918982,,0.3613767769811041,,,0.0,,,,0.0,,,,0.0,,,,,,,,,,,,,
95,2022-06-30 09:50:12-05:00,0,5.266373695051474,4.528092623967983,249.16,241.37215,7.718006259224667,7.918226466400568,0.9958276712018904,0.8839078764647998,0.0,0.1160905881617252,0.3924028626132671,0.1524490869731225,,,0.0,0.0,,,0.0,0.0,,,0.0,0.0,,,,,,,,,,,,
96,2022-07-26 16:52:54-05:00,0,1.1106303346968107,,74.7004,62.08691,1.5036805979178105,,0.933669898031108,0.7682114536709264,0.0078603819324446,0.1199810518532868,0.8533676138642022,0.5912317032851278,,,0.0,0.0,,,0.0,0.0,,,0.0,0.0,,,,,,,,,,,,
97,2022-07-31 14:27:14-05:00,0,3.8024930773745,3.91118803442496,307.699,336.86,5.594225336834547,6.611750131224754,0.9943582857928972,0.9996771515999434,0.0,0.0,0.4082337502548633,0.2267049509926631,,,0.0,0.0,,,0.0,0.0,,,0.0,0.0,,,,,,,,,,,,
98,2022-08-04 19:19:07-05:00,1,3.197310669986715,2.8460795446417464,32.777,9.577806500000001,4.6290377378460255,4.771768814286827,0.9958571717550244,,2.7431091906648657e-08,,0.443084031808972,,6.119561672210693,6.015200614929199,,5.721608637215132,9.892560005187988,9.818653106689453,,9.865400038038041,53.60425567626953,53.2120361328125,,53.430376027473045,53.34775161743164,52.78485107421875,9.847319602966309,9.727384567260742,5.962137699127197,5.952700614929199,53.213260650634766,53.2107048034668,9.8149995803833,9.822608947753906,5.834530830383301,6.210927486419678
99,2022-08-14 09:34:10-05:00,1,2.145142744337308,1.477072685745961,49.4629,68.31808000000001,2.873182941910005,2.5177619131915208,0.4206998403638191,0.1840616617485654,0.3171208107061409,0.6479489912066451,0.3974575526506281,0.393548422731689,6.798680782318115,6.872614860534668,7.014789234077055,6.941604651576236,8.103776931762695,8.094653129577637,7.302560022483082,7.83771529802247,274.6322021484375,273.7200927734375,250.22834564719395,265.05553594059234,273.6463928222656,273.95343017578125,8.118319511413574,8.019707679748535,6.852677345275879,6.93574857711792,,273.7200927734375,,8.094653129577637,,6.872614860534668
100,2022-08-18 07:56:25-05:00,1,3.741522855526895,3.6038968718136273,48.797,,5.011358649042849,6.374564430780457,,0.3736799488800593,,0.391461700917549,,0.6483642499023542,5.458701133728027,5.365476131439209,5.371626079900084,,11.567547798156738,11.491728782653809,11.48749071652104,,217.10804748535156,214.87283325195312,213.9918307837715,,216.6171875,212.426513671875,11.482301712036133,11.501978874206543,5.382826805114746,5.351746559143066,215.4341278076172,214.35472106933594,11.472198486328125,11.509756088256836,5.383852005004883,5.348513603210449
101,2022-08-19 13:37:19-05:00,0,3.4595986491454003,3.643400606058117,293.703,352.7918,4.615765999996674,6.444438544317786,0.9935224931127148,0.942426945896856,0.0,0.0575649208710984,0.4266333820259029,0.1312729555039061,,,0.0,0.0,,,0.0,0.0,,,0.0,0.0,,,,,,,,,,,,
102,2022-08-22 12:48:08-05:00,0,3.6345753783957817,3.101134966416892,370.598,294.0197,4.995946898232746,5.725100995688732,0.3751978785495063,0.1286977980434594,0.3206204879329314,0.7350335247259461,0.5493147203213004,0.4042137943532944,,,0.0,0.0,,,0.0,0.0,,,0.0,0.0,,,,,,,,,,,,
103,2022-08-30 09:34:06-05:00,1,4.974270603232564,3.578106212568304,171.893,126.494,6.820770328715996,6.794015517069153,0.8917328448838864,0.7427132779704086,0.009075545611974,0.1351808510900032,0.1830578524275717,0.1596236353490172,4.217950344085693,4.676760673522949,4.926115299793089,4.728044376239133,6.038328647613525,5.491694927215576,5.388791465316951,5.633237193023479,188.44749450683594,176.39804077148438,174.02337454809248,179.56236253613358,175.95761108398438,176.87448120117188,5.4680376052856445,5.527369499206543,4.605342864990234,4.877984046936035,176.06881713867188,176.61756896972656,5.479335308074951,5.499934196472168,4.653824806213379,4.692051887512207
104,2022-08-31 08:45:51-05:00,1,4.3420367129522965,4.012446113494655,109.581,,6.081381374049927,7.93365943208511,0.3298739495111997,0.0852871108860017,0.400511830860023,0.7927281290547595,0.4636255394686896,0.3969461824001449,4.750399589538574,4.924651145935059,5.110861185401354,5.115413611375188,10.936909675598145,10.770861625671387,10.511404915947418,10.679127816130762,279.8468933105469,282.4638366699219,279.76374759278076,281.1004274314092,283.2823181152344,281.3146057128906,10.78024959564209,10.753232955932617,4.8857421875,4.949312686920166,282.97418212890625,281.9927978515625,10.745280265808105,10.794475555419922,4.948699474334717,4.90245246887207
105,2022-10-06 12:29:24-05:00,1,1.481904756168566,1.1705441723229857,106.27,82.31632,1.952524028133719,2.078807858904146,0.7591206387865231,0.6154921367500128,0.0785746243841715,0.2518437720145174,0.2669309886690095,0.2039656064230434,1.327850103378296,1.881790280342102,1.7482711763279188,1.7336811487931119,3.087611436843872,4.462246894836426,4.592498961972145,4.26542983227034,140.6749725341797,180.05184936523438,182.3574363990415,173.7212540615763,178.73287963867188,185.1769561767578,4.430477619171143,4.5959153175354,1.8494312763214111,2.02253794670105,179.87074279785156,180.17257690429688,4.439055919647217,4.4777069091796875,1.905085802078247,1.8662601709365845
