DateTime,PT Tower,ET Tower,PT-JPL ET,DisALEXI ET
2019-01-01,0.20375027438389154,,0.228,0.403
2019-01-02,0.14026882982548694,1.227486126677801,0.223,0.406
2019-01-03,0.7978364253522705,1.1424959267089931,0.393,0.735
2019-01-04,0.2681498587111694,0.0512709911116023,0.384,0.74
2019-01-05,0.9386867523563418,0.8328416858880098,0.626,1.242
2019-01-06,0.72644935661002,1.2827974736125998,0.57,1.167
2019-01-07,-0.311548864464986,0.8921657254769397,0.471,0.995
2019-01-08,0.77780742789853,4.758717370353713,0.388,0.844
2019-01-09,0.6466119758674804,2.31364276332761,0.416,0.935
2019-01-10,0.6531366985631166,0.5501861846048088,0.294,0.684
2019-01-11,0.38452488339368673,0.6292918440721149,0.251,0.603
2019-01-12,0.6401343874113101,0.3046400226164572,0.139,0.347
2019-01-13,0.641952210225474,0.384139453807364,0.034,0.087
2019-01-14,1.1382634518416639,,0.066,0.175
2019-01-15,0.6323154762158294,,0.255,0.706
2019-01-16,0.4593605330087187,,0.247,0.711
2019-01-17,0.7670997474548439,1.0141948357949149,0.18,0.536
2019-01-18,0.6110001843102355,0.3893595387745726,0.203,0.63
2019-01-19,0.5579632641875842,,0.028,0.09
2019-01-20,0.38691799997193,,0.081,0.273
2019-01-21,0.5465499864270438,0.554702515260082,0.156,0.55
2019-01-22,0.41960977217362677,,0.275,1.014
2019-01-23,0.5020388568876049,,0.144,0.556
2019-01-24,0.022101810286385647,0.7239021235884878,0.069,0.28
2019-01-25,0.49165012171166805,0.8737910219381396,0.11,0.469
2019-01-26,0.6170698318753025,,0.042,0.189
2019-01-27,0.6914096341791888,0.3113284602825593,0.181,0.854
2019-01-28,0.3736596686445021,3.736308958867148,0.15,0.75
2019-01-29,0.579673665160768,1.2907960410686024,0.036,0.192
2019-01-30,0.6550201699831811,0.698921462773854,0.051,0.29
2019-01-31,0.5716427507988511,0.5260642047902352,0.065,0.388
2019-02-01,0.8952369474810068,0.2157615410710938,0.101,0.648
2019-02-02,1.301227527740965,,0.204,1.412
2019-02-03,1.5128375563291407,-0.3574019591486347,0.278,2.075
2019-02-04,0.3614978089148096,,0.054,0.439
2019-02-05,0.49320791847358,1.744424748079462,0.075,0.663
2019-02-06,0.4579119167851872,,0.057,0.555
2019-02-07,0.20682274586324625,,0.031,0.335
2019-02-08,0.6623253157021533,1.9387701748937447,0.11,1.347
2019-02-09,1.140871482029056,1.2794408572258371,0.09,1.257
2019-02-10,0.4923393056254761,,0.073,1.009
2019-02-11,0.07879939039350947,,0.058,0.795
2019-02-12,,,0.024,0.332
2019-02-13,,,0.122,1.663
2019-02-14,2.7575316036791615,,0.081,1.091
2019-02-15,0.42755039545564694,2.5586852952184325,0.081,1.083
2019-02-16,1.0654812927763984,1.7129391077672924,0.097,1.291
2019-02-17,0.43573948818222535,,0.032,0.427
2019-02-18,0.8302879799172515,1.077792631976816,0.048,0.636
2019-02-19,0.9246582384711128,1.366964829130429,0.081,1.053
2019-02-20,0.5821984224817128,,0.097,1.254
2019-02-21,1.0130596828812337,1.221209226458835,0.105,1.349
2019-02-22,1.9545816561648595,2.582997421088524,0.145,1.854
2019-02-23,0.5049265615025184,0.5360772806994727,0.088,1.125
2019-02-24,-0.5396059858224025,,0.04,0.507
2019-02-25,,,0.129,1.612
2019-02-26,,,0.219,2.079
2019-02-27,0.7878586130500487,,0.102,0.778
2019-02-28,0.5623048187398231,1.593660620893873,0.212,1.338
2019-03-01,1.6531205255607115,1.6329197929274233,0.313,1.675
2019-03-02,0.7403184898089998,1.1808811671823871,0.293,1.354
2019-03-03,0.570140650211685,0.7482565494435536,0.14,0.57
2019-03-04,0.8966484699860906,0.8281416948119837,0.233,0.838
2019-03-05,0.8620144874544329,1.2917765779987822,0.288,0.926
2019-03-06,1.4205696557201548,1.863361178181746,0.406,1.176
2019-03-07,0.7181073546184898,0.7719630218448844,0.338,0.89
2019-03-08,1.6360743484028273,0.9745633312730816,0.502,1.203
2019-03-09,0.2640942548072327,2.3112413667089418,0.773,1.695
2019-03-10,1.4720374775507152,3.2493656330629217,0.776,1.564
2019-03-11,2.3862177394471025,2.7140899256,0.78,1.45
2019-03-12,1.5213804309688497,2.070187008920678,0.917,1.575
2019-03-13,1.075244012622075,3.3353376565377237,0.925,1.473
2019-03-14,2.058741960200466,5.141158078930121,1.525,2.254
2019-03-15,0.7846295583344371,3.45497235362576,0.853,1.174
2019-03-16,2.640358588273402,3.41962372982634,1.284,1.646
2019-03-17,2.2126894087355184,2.5651184097538704,1.166,1.395
2019-03-18,2.162441887406534,1.860109656246248,1.277,1.427
2019-03-19,2.5448173565015124,2.420666615389337,1.393,1.455
2019-03-20,0.5813787715176254,1.3399380339309597,0.987,0.965
2019-03-21,0.997567120845646,1.2041992531881598,1.229,1.126
2019-03-22,2.9379572732760253,2.2883084795594386,1.699,1.458
2019-03-23,3.1098940419528267,2.1772633732115776,1.843,1.482
2019-03-24,0.7147604110772793,3.292865761934088,0.985,0.743
2019-03-25,2.400372392738133,4.405724988749141,1.498,1.06
2019-03-26,2.9371711558621008,3.3351645946014017,2.1,1.393
2019-03-27,3.3605595241474915,3.6125107588066983,2.664,1.657
2019-03-28,3.121583937990495,,2.659,1.549
2019-03-29,0.835842393745178,,0.794,0.434
2019-03-30,0.32007139822306374,3.570213903366459,0.454,0.232
2019-03-31,2.8662480547841636,3.06593594138846,2.051,0.981
2019-04-01,3.0862638904763062,3.919192056010401,2.301,1.028
2019-04-02,2.5557027580974974,3.076385945056299,3.068,1.28
2019-04-03,2.095834039108822,1.8353611941509276,2.943,1.145
2019-04-04,0.9178274854440653,4.000307011289275,2.496,0.904
2019-04-05,1.2190124041757224,,1.917,0.645
2019-04-06,3.3009652400731313,3.709270380083528,3.706,1.158
2019-04-07,2.2443142148056534,2.7879796686579703,3.793,1.211
2019-04-08,3.5376290766822596,3.482636777892247,4.079,1.33
2019-04-09,4.505043233085038,3.862188439840773,4.391,1.463
2019-04-10,3.0543212573765657,4.404969603882233,3.285,1.118
2019-04-11,1.4569107122742668,3.262526207604137,4.656,1.618
2019-04-12,4.368437983421151,6.134457817837113,3.982,1.413
2019-04-13,3.273965697939608,2.5782668344109774,3.45,1.25
2019-04-14,0.9586248052341644,,0.831,0.307
2019-04-15,3.198639433654101,3.781458916612848,3.098,1.169
2019-04-16,4.331209221843267,3.8365503952021305,5.219,2.009
2019-04-17,3.9104901815723996,3.923483853700735,5.099,2.002
2019-04-18,0.48872097959109845,4.074844568612797,1.419,0.568
2019-04-19,2.188194052493438,3.550859784404249,2.805,1.146
2019-04-20,4.902664151133992,4.121919136214745,5.203,2.168
2019-04-21,5.164015459614643,4.48468251618614,5.156,2.19
2019-04-22,4.2207427359944045,6.983043992827004,5.828,2.524
2019-04-23,0.9838721397152559,0.9770813640736687,2.355,1.04
2019-04-24,1.65747658726414,1.9077112852822973,2.535,1.141
2019-04-25,0.9164290982531924,0.4477799615295263,2.034,0.933
2019-04-26,5.531891097749121,5.197237227231063,4.715,2.203
2019-04-27,,,1.338,0.637
2019-04-28,,,3.052,1.48
2019-04-29,1.5843434771947953,,2.533,1.252
2019-04-30,1.0173459393336195,1.5741884209486947,3.011,1.515
2019-05-01,3.0337087036959263,,3.033,1.555
2019-05-02,0.9021191380351133,3.6553498136669593,1.46,0.762
2019-05-03,2.2566243578725453,2.855314624270078,2.175,1.156
2019-05-04,3.168303995397063,3.878294075255636,3.06,1.657
2019-05-05,4.950991191278739,3.381979087346203,3.754,2.069
2019-05-06,5.149239843742073,4.664957383199067,4.513,2.533
2019-05-07,4.326745359196494,3.748210505668856,3.524,2.014
2019-05-08,4.891867278073616,5.18630284659704,4.899,2.849
2019-05-09,1.5775354512667406,5.5883507321328745,1.476,0.874
2019-05-10,3.759432146353016,3.40130631987647,2.931,1.767
2019-05-11,1.1252266496754606,2.557470572862609,1.797,1.102
2019-05-12,0.1975332784059169,,1.189,0.743
2019-05-13,,,3.542,2.25
2019-05-14,,,3.264,2.11
2019-05-15,,,3.738,2.459
2019-05-16,,,4.687,3.138
2019-05-17,,,4.008,2.731
2019-05-18,,,5.113,3.545
2019-05-19,,,3.382,2.386
2019-05-20,4.383361592137036,,2.877,2.065
2019-05-21,1.4882889580131775,1.8035526593490965,2.288,1.671
2019-05-22,6.1844091487167825,8.09402446967083,4.336,3.222
2019-05-23,5.0981420010465675,5.815326592382887,3.978,3.007
2019-05-24,4.57103653326306,4.049329322783689,4.256,3.273
2019-05-25,5.004964854663462,3.3488762069962164,4.375,3.422
2019-05-26,2.713555109312491,4.5648921034805,3.121,2.484
2019-05-27,4.89911357588005,6.222431127541379,4.68,3.79
2019-05-28,4.184663803199585,4.172394297455613,3.593,2.96
2019-05-29,4.873281870152031,5.530800521091164,3.478,2.915
2019-05-30,5.3050911502302025,6.252059573522396,3.312,2.823
2019-05-31,4.736625602000058,5.8316920220397535,3.721,3.227
2019-06-01,5.393775710169764,5.0669080278307455,4.112,3.628
2019-06-02,5.542600110789318,2.773157375306921,3.548,3.134
2019-06-03,5.210315929856988,2.6941026649237005,4.333,3.831
2019-06-04,4.838452081681841,2.746845015555372,4.204,3.721
2019-06-05,3.779957101324157,1.844640697665196,4.208,3.728
2019-06-06,5.586916416929398,3.012770164084289,4.354,3.862
2019-06-07,6.051409464626146,3.08637115321744,4.633,4.114
2019-06-08,3.865026397661259,2.5571713075130984,4.219,3.75
2019-06-09,4.3434811436847065,,2.356,2.096
2019-06-10,7.059130940836433,,4.227,3.764
2019-06-11,5.385807143920421,2.611705778763215,4.149,3.699
2019-06-12,2.5767900016842638,1.9379177677015915,3.007,2.684
2019-06-13,5.711613599213606,6.275308157631232,3.655,3.265
2019-06-14,0.46467984894810144,,4.375,3.912
2019-06-15,,,2.379,2.13
2019-06-16,,,3.1,2.777
2019-06-17,2.5243183525304644,,2.733,2.451
2019-06-18,5.479591816898744,4.09086750960036,3.249,2.917
2019-06-19,1.6340756763597086,3.976022803793013,2.089,1.878
2019-06-20,4.737134291757775,5.499101458837338,2.884,2.595
2019-06-21,2.527463188715529,3.197858264011456,3.114,2.804
2019-06-22,4.344089306442645,5.698919354620634,3.612,3.256
2019-06-23,3.430961136348875,4.144502903294956,3.254,2.936
2019-06-24,3.116191758279089,6.143848153322741,3.112,2.81
2019-06-25,6.808546310670568,8.629404571357489,4.491,4.06
2019-06-26,5.388338298484653,5.152043660757652,4.556,4.116
2019-06-27,6.390204569063089,5.4136238458817845,4.323,3.903
2019-06-28,6.307238236003123,5.912614879654598,4.686,4.228
2019-06-29,6.709791947432293,4.165439774332056,4.598,4.146
2019-06-30,5.18744892804879,6.056464310422524,4.35,3.92
2019-07-01,4.994691427246015,4.802669405842311,3.388,3.052
2019-07-02,6.36471155983163,5.666215494566305,4.578,4.121
2019-07-03,3.8203578937572593,3.3260358156916565,3.943,3.547
2019-07-04,6.814644529140042,6.894614495472025,4.218,3.792
2019-07-05,3.0704402797032504,3.4200408587230595,3.161,2.841
2019-07-06,5.64706513983111,5.65019331247161,4.096,3.679
2019-07-07,5.333971119499941,4.056840221494904,4.148,3.723
2019-07-08,5.519613056654712,4.939226003287121,4.611,4.137
2019-07-09,5.977684079188632,6.18212042127151,4.583,4.11
2019-07-10,6.631980829845105,7.074352542879638,4.88,4.374
2019-07-11,6.009464577974747,5.46629194735394,4.609,4.129
2019-07-12,6.590014777179674,5.230602972161805,4.922,4.408
2019-07-13,6.848549755922278,6.176710767489674,4.967,4.446
2019-07-14,6.069285817259024,6.085180926645847,4.948,4.428
2019-07-15,5.4451499522194675,5.83963076036379,5.005,4.476
2019-07-16,4.283007341985117,4.942414410262876,3.976,3.555
2019-07-17,5.0583698117443054,5.165535713309157,5.3,4.736
2019-07-18,6.196531352557989,6.528630742188078,5.173,4.621
2019-07-19,6.849749910297236,7.29253642419388,5.79,5.17
2019-07-20,6.664168985795205,6.722583047299612,5.588,5.215
2019-07-21,5.606046667962043,5.544528713807581,4.55,4.432
2019-07-22,3.4664087691305565,4.967049505717493,3.426,3.477
2019-07-23,5.820778813828541,4.696074812678587,5.079,5.363
2019-07-24,5.728787919007281,5.202130060460261,4.683,5.138
2019-07-25,6.075250305444155,6.100416078166611,4.866,5.542
2019-07-26,4.997783297885968,5.339019143362199,4.748,5.605
2019-07-27,6.434585882346379,7.497978540981887,5.373,6.57
2019-07-28,5.474016143056544,6.454698273408023,5.486,6.868
2019-07-29,3.1739791784749567,5.121723170560228,3.128,4.008
2019-07-30,5.8948243082803025,5.986918800299475,4.434,5.808
2019-07-31,5.616653148402326,5.762717577116816,4.451,5.818
2019-08-01,5.5628493339802745,4.80887159671044,4.732,6.161
2019-08-02,5.395656519854282,6.072142918184289,4.932,6.397
2019-08-03,5.876258927113555,5.575222149513791,4.847,6.263
2019-08-04,6.28928596044269,5.249383253343642,4.682,6.794
2019-08-05,5.870723905070534,6.2377063626782245,4.551,5.908
2019-08-06,6.358718571347978,5.513910399607273,3.61,4.726
2019-08-07,5.7680951849378275,6.25964021199544,4.308,5.688
2019-08-08,5.809362361444996,6.018183974190195,4.36,5.807
2019-08-09,5.89460173399858,5.278566854392936,4.133,5.554
2019-08-10,5.217303280636463,4.983342978475306,3.836,5.199
2019-08-11,2.4635659548016853,3.078077982395776,3.111,4.254
2019-08-12,2.420803135136339,3.1232630383049456,3.168,4.372
2019-08-13,3.9279113174470197,3.2875390691524577,3.31,4.608
2019-08-14,5.958485202821797,7.839292584661152,3.796,5.334
2019-08-15,5.286625546476961,5.155525990234252,3.761,5.334
2019-08-16,4.433410169997464,5.043619731681586,2.889,4.136
2019-08-17,2.767407244146387,3.32555353555963,2.617,3.781
2019-08-18,3.994115770755384,4.495536828896184,3.252,4.743
2019-08-19,5.9788445379349024,,3.611,5.317
2019-08-20,1.6960184928203845,2.0640589617350686,1.907,2.836
2019-08-21,3.8488800054150225,5.818811240718408,3.227,4.845
2019-08-22,3.610906087881218,3.825209945111782,2.894,4.389
2019-08-23,5.070158828284693,6.511324840638875,3.781,5.79
2019-08-24,4.8211377196352325,6.29029268024846,3.666,5.672
2019-08-25,4.360397548535635,6.035159673227049,3.489,5.444
2019-08-26,3.0675887110805946,4.868423482098888,2.694,4.222
2019-08-27,4.977591087955544,6.482017872358173,3.037,4.778
2019-08-28,5.397152617076979,6.2823820294920765,3.749,5.923
2019-08-29,3.542007917761301,4.087738614079194,3.388,5.11
2019-08-30,2.424547276789709,2.7357695911683573,3.102,4.467
2019-08-31,2.56088790351399,3.650131922860212,3.023,4.158
2019-09-01,2.9009537658589424,,2.658,3.493
2019-09-02,4.974902639845584,,3.137,3.938
2019-09-03,4.528012076625427,5.188818136680413,3.212,3.853
2019-09-04,4.741668825429753,4.611544652334104,3.287,3.767
2019-09-05,4.54091577890016,4.599928728845466,3.288,3.601
2019-09-06,4.896501958464348,,3.315,3.596
2019-09-07,,,3.269,3.511
2019-09-08,,,2.148,2.284
2019-09-09,5.172895693708226,,3.653,3.842
2019-09-10,3.6972098749829345,3.980698337411285,4.173,4.34
2019-09-11,4.181328797184207,4.237208421543563,3.31,3.402
2019-09-12,4.2463987992910015,4.049105826432277,3.961,4.022
2019-09-13,3.4075371806041517,4.810672904578902,3.298,3.307
2019-09-14,4.6385282405613015,3.4287300614872542,3.387,3.351
2019-09-15,2.4190479420072415,3.25301616542784,3.185,3.108
2019-09-16,4.114289409696807,2.824403952922194,3.291,3.165
2019-09-17,3.9127043700986,3.003431349707283,3.381,3.203
2019-09-18,4.288215953262089,2.655138093723248,3.184,2.968
2019-09-19,4.452665005943683,2.5045529599592635,2.713,2.487
2019-09-20,4.064090559872821,1.626923118358218,2.862,2.578
2019-09-21,1.9869032432332945,2.534916519568956,2.956,2.613
2019-09-22,2.1567539398117264,2.5415604850637665,2.706,2.345
2019-09-23,4.110246323319387,2.757141462128185,2.463,2.091
2019-09-24,3.411030917869229,1.967940083159184,2.545,2.113
2019-09-25,2.919482320515157,3.1477327943095545,2.372,1.924
2019-09-26,3.7949429080463366,2.058496787630582,2.319,1.834
2019-09-27,2.267763230572471,2.071139223019434,3.183,2.452
2019-09-28,3.1083688586741007,,2.06,1.543
2019-09-29,3.1269460586925732,4.598558201642101,1.615,1.173
2019-09-30,4.0477760137537535,2.937195539570267,2.429,1.707
2019-10-01,3.2905311942463182,2.03581199608167,2.546,1.727
2019-10-02,2.7859399071886846,1.4676557222147668,2.055,1.342
2019-10-03,2.3296287487560186,2.362570496967292,1.087,0.68
2019-10-04,2.988892764997737,1.9591410526892368,1.654,0.989
2019-10-05,2.3159413160950852,2.0767758705894277,1.668,0.949
2019-10-06,2.9981359613687344,1.5297745410953498,1.52,0.818
2019-10-07,3.244478322276799,1.4429615856657076,1.681,0.851
2019-10-08,3.3149890747133326,0.954458412982615,1.646,0.85
2019-10-09,3.212684681753739,0.927761111175925,1.811,0.953
2019-10-10,0.5613123982574882,0.883920429400409,1.37,0.735
2019-10-11,0.3533197095632891,1.9606611253391668,0.505,0.275
2019-10-12,2.6010326582982293,2.81077532258792,1.6,0.889
2019-10-13,2.6967835512408738,2.0547093310818347,1.822,1.029
2019-10-14,2.730718079981724,1.3884730853012837,1.312,0.753
2019-10-15,1.0628592689243819,1.2561241173257724,1.527,0.89
2019-10-16,1.038544614987777,1.041228886770199,1.174,0.695
2019-10-17,2.4486640771353656,0.7769638965952944,1.076,0.646
2019-10-18,2.2360537854532567,0.8369027981663392,1.518,0.925
2019-10-19,2.569555295156403,0.9630046736372668,1.694,1.047
2019-10-20,1.5947550259363978,0.3684530292879264,1.377,0.862
2019-10-21,0.8727040673334316,3.0202506691403173,1.713,1.087
2019-10-22,1.139647663185535,1.7803211716336635,1.679,1.078
2019-10-23,2.2691326621946653,2.5445102205988563,2.151,1.399
2019-10-24,0.8582397984738958,0.5413621080397374,0.966,0.636
2019-10-25,1.086260195843451,0.6058230552037037,0.973,0.648
2019-10-26,0.3080428335317074,,0.635,0.427
2019-10-27,2.171887327447238,2.718374889475683,1.337,0.91
2019-10-28,0.5579521238694409,,0.527,0.363
2019-10-29,0.6876264538936624,0.9865122327627484,0.295,0.205
2019-10-30,0.5781404419006424,,0.238,0.167
2019-10-31,0.5869760413291981,,0.239,0.17
2019-11-01,1.7446729941766421,2.261789935968323,0.948,0.679
2019-11-02,1.4224215540657508,1.8882011349708736,0.955,0.691
2019-11-03,1.6872292491369683,2.8720950723434235,1.337,0.976
2019-11-04,0.6866327588117415,1.5687544743196,0.904,0.666
2019-11-05,1.6792106844599943,1.3883366657292917,0.91,0.677
2019-11-06,1.8000689462150532,1.747335437469001,0.851,0.638
2019-11-07,1.1984572797030273,1.1357121166152448,0.593,0.449
2019-11-08,0.9243052533394869,0.7728335418888954,0.654,0.499
2019-11-09,1.6042295903679198,1.204317458212381,1.47,1.13
2019-11-10,1.4963766500373408,0.5888639937830329,0.942,0.73
2019-11-11,0.19823924711727955,,0.126,0.098
2019-11-12,0.5789197344788833,,0.273,0.215
2019-11-13,0.8872955721131229,,0.333,0.264
2019-11-14,0.5870504497084215,,0.345,0.276
2019-11-15,1.2412210743385996,,0.556,0.448
2019-11-16,1.1473979757750072,0.908351768728,0.7,0.567
2019-11-17,0.5295465154235628,0.485319229557057,0.483,0.376
2019-11-18,0.2655186212434479,,0.34,0.253
2019-11-19,0.1928538320569129,1.7381497819502418,0.201,0.143
2019-11-20,1.145575042673005,,0.594,0.401
2019-11-21,0.26523465234991417,2.456657445415499,0.65,0.415
2019-11-22,0.9982341508651591,1.2777191834953978,0.575,0.346
2019-11-23,0.443658133421091,0.6422750152831584,0.566,0.318
2019-11-24,1.1385439573374772,1.437157068797041,0.982,0.512
2019-11-25,1.1360919523648938,1.481627435025629,1.044,0.54
2019-11-26,0.18953208379398456,0.6839487112066669,0.609,0.313
2019-11-27,0.5394992947015033,4.015211583650886,0.483,0.246
2019-11-28,0.4902154805117023,0.7080120232694079,0.419,0.212
2019-11-29,0.5116429738599306,0.972593218915024,0.356,0.179
2019-11-30,0.2373036371294992,,0.353,0.176
2019-12-01,0.2100222083580407,0.766696401476995,0.218,0.108
2019-12-02,0.6601460742247188,1.2450905976947535,0.378,0.185
2019-12-03,0.36718900888612666,0.9217278762076908,0.589,0.286
2019-12-04,0.9136964687743908,1.3741614011707537,0.69,0.332
2019-12-05,1.1460259108692683,0.9972489684624072,0.683,0.326
2019-12-06,0.5363738424583389,0.9263938653810564,0.26,0.123
2019-12-07,0.8906368691079765,0.6851318636861295,0.457,0.213
2019-12-08,0.4418248219550466,0.4106321594736075,0.715,0.331
2019-12-09,-0.11639669751098676,,0.101,0.046
2019-12-10,0.6610307226186662,,0.601,0.272
2019-12-11,0.4590198612115538,,0.446,0.2
2019-12-12,0.29153805602404514,,0.828,0.366
2019-12-13,-0.03624855525239574,,0.389,0.17
2019-12-14,0.2538978499342844,0.374706245547058,0.138,0.059
2019-12-15,0.21927416745899111,,0.279,0.119
2019-12-16,0.5579218785400639,,0.088,0.037
2019-12-17,0.5250364557656889,,0.047,0.019
2019-12-18,0.5886345218747564,,0.092,0.038
2019-12-19,0.5825037477427167,,0.313,0.126
2019-12-20,0.6951646873958812,,0.271,0.108
2019-12-21,0.8095445738484081,0.7401301459314953,0.402,0.157
2019-12-22,0.9427849340640969,0.747107041734029,0.486,0.187
2019-12-23,0.8888678008035723,0.6256242973330908,0.568,0.215
2019-12-24,0.9683766950144929,0.8637262410589076,0.642,0.239
2019-12-25,0.8959844330880824,1.271178149146277,0.934,0.341
2019-12-26,0.6871815760981023,0.8478228018990425,0.675,0.242
2019-12-27,0.47488971386453377,0.6663777507000027,0.25,0.1
2019-12-28,0.386448104064984,,0.613,0.269
2019-12-29,-0.24981166941727317,,0.081,0.039
2019-12-30,0.2555696219672729,2.6704001023781427,0.362,0.19
2019-12-31,0.4227301364057057,1.6097948105059916,0.278,0.158
2020-01-01,,,0.573,0.352
2020-01-02,,0.8349504248333145,0.377,0.249
2020-01-03,,0.1423757844719,0.112,0.079
2020-01-04,,0.7285362368160788,0.11,0.084
2020-01-05,,1.3789415004080094,0.581,0.469
2020-01-06,,0.5464080471011795,0.322,0.277
2020-01-07,,0.957400638537818,0.424,0.387
2020-01-08,,,0.418,0.404
2020-01-09,,,0.717,0.733
2020-01-10,,,0.271,0.293
2020-01-11,,,0.067,0.076
2020-01-12,,,0.165,0.198
2020-01-13,,,0.195,0.246
2020-01-14,,0.7754644509372411,0.224,0.297
2020-01-15,,,0.063,0.088
2020-01-16,,,0.279,0.408
2020-01-17,,,0.427,0.655
2020-01-18,,,0.15,0.241
2020-01-19,,,0.177,0.298
2020-01-20,,,0.116,0.205
2020-01-21,,,0.172,0.316
2020-01-22,,,0.309,0.595
2020-01-23,,,0.194,0.389
2020-01-24,,,0.109,0.228
2020-01-25,,,0.133,0.292
2020-01-26,,,0.21,0.479
2020-01-27,,,0.129,0.307
2020-01-28,,,0.126,0.314
2020-01-29,,,0.173,0.45
2020-01-30,,,0.17,0.46
2020-01-31,,,0.143,0.403
2020-02-01,,,0.181,0.532
2020-02-02,,,0.657,2.017
2020-02-03,,,0.498,1.595
2020-02-04,,,0.17,0.566
2020-02-05,,,0.308,1.071
2020-02-06,,,0.116,0.42
2020-02-07,,,0.226,0.856
2020-02-08,,,0.11,0.436
2020-02-09,,,0.173,0.711
2020-02-10,,,0.168,0.724
2020-02-11,,,0.267,1.197
2020-02-12,,,0.16,0.75
2020-02-13,,,0.039,0.191
2020-02-14,,,0.095,0.485
2020-02-15,,,0.184,0.985
2020-02-16,,,0.179,1.001
2020-02-17,,,0.225,1.323
2020-02-18,,,0.151,0.93
2020-02-19,,,0.228,1.47
2020-02-20,,,0.204,1.386
2020-02-21,,,0.286,1.64
2020-02-22,,,0.481,2.362
2020-02-23,,,0.555,2.359
2020-02-24,,,0.219,0.812
2020-02-25,,,0.133,0.431
2020-02-26,,,0.201,0.575
2020-02-27,,,0.463,1.17
2020-02-28,,,0.198,0.444
2020-02-29,,,0.523,1.038
2020-03-01,,,1.259,2.218
2020-03-02,,,0.663,1.035
2020-03-03,,,1.136,1.571
2020-03-04,,,1.103,1.347
2020-03-05,,,1.592,1.711
2020-03-06,,,0.952,0.897
2020-03-07,,,1.319,1.082
2020-03-08,,,2.203,1.791
2020-03-09,,,0.997,0.804
2020-03-10,,,0.68,0.544
2020-03-11,,,0.731,0.579
2020-03-12,,,0.521,0.409
2020-03-13,,,1.402,1.091
2020-03-14,,,0.466,0.359
2020-03-15,,,0.981,0.749
2020-03-16,,,0.463,0.351
2020-03-17,,,1.078,0.808
2020-03-18,,,0.41,0.304
2020-03-19,,,0.868,0.638
2020-03-20,,,0.611,0.444
2020-03-21,,,0.812,0.585
2020-03-22,,,0.456,0.325
2020-03-23,,,0.707,0.498
2020-03-24,,,0.655,0.456
2020-03-25,,,1.255,0.866
2020-03-26,,,0.951,0.649
2020-03-27,,,0.956,0.644
2020-03-28,,,0.846,0.564
2020-03-29,,,1.83,1.205
2020-03-30,,,1.782,1.16
2020-03-31,,,0.79,0.508
2020-04-01,,,1.289,0.819
2020-04-02,,,1.681,1.054
2020-04-03,,,1.331,0.824
2020-04-04,,,0.442,0.27
2020-04-05,,,1.47,0.887
2020-04-06,,,1.564,0.93
2020-04-07,,,2.297,1.348
2020-04-08,,,2.38,1.377
2020-04-09,,,1.666,0.945
2020-04-10,,,1.773,0.986
2020-04-11,,,2.096,1.141
2020-04-12,,,0.813,0.434
2020-04-13,,,1.226,0.641
2020-04-14,,,1.434,0.735
2020-04-15,,,1.137,0.571
2020-04-16,,,1.146,0.564
2020-04-17,,,0.631,0.304
2020-04-18,,,1.953,0.922
2020-04-19,,,2.084,0.963
2020-04-20,,,2.047,0.926
2020-04-21,,,2.281,1.011
2020-04-22,,,3.285,1.426
2020-04-23,,,1.041,0.442
2020-04-24,,,1.733,0.721
2020-04-25,,,1.017,0.414
2020-04-26,,,2.253,0.897
2020-04-27,,,2.392,0.933
2020-04-28,,,2.928,1.117
2020-04-29,,,0.926,0.345
2020-04-30,,,2.09,0.763
2020-05-01,,,2.437,0.87
2020-05-02,,,3.507,1.224
2020-05-03,,,1.781,0.646
2020-05-04,,,2.17,0.816
2020-05-05,,,0.498,0.194
2020-05-06,,,2.546,1.022
2020-05-07,,,3.214,1.329
2020-05-08,,,1.854,0.788
2020-05-09,,,2.788,1.218
2020-05-10,,,2.038,0.913
2020-05-11,,,1.866,0.856
2020-05-12,,,2.307,1.082
2020-05-13,,,2.054,0.985
2020-05-14,,,3.182,1.558
2020-05-15,,,2.822,1.409
2020-05-16,,,3.357,1.708
2020-05-17,,,1.731,0.897
2020-05-18,,,1.972,1.039
2020-05-19,,,2.071,1.109
2020-05-20,,,1.957,1.065
2020-05-21,,,2.273,1.256
2020-05-22,,,3.057,1.714
2020-05-23,,,3.802,2.163
2020-05-24,,,4.711,2.716
2020-05-25,,,3.971,2.32
2020-05-26,,,4.499,2.661
2020-05-27,,,3.354,2.025
2020-05-28,,,3.492,2.152
2020-05-29,,,4.101,2.578
2020-05-30,,,4.154,2.664
2020-05-31,,,4.217,2.759
2020-06-01,,,3.642,2.43
2020-06-02,,,5.892,4.008
2020-06-03,,,4.356,3.021
2020-06-04,,,3.733,2.639
2020-06-05,,,4.29,3.092
2020-06-06,,,4.566,3.355
2020-06-07,,,5.121,3.834
2020-06-08,,,5.74,4.379
2020-06-09,,,3.829,2.976
2020-06-10,,,2.648,2.097
2020-06-11,,,4.834,3.899
2020-06-12,,,4.308,3.683
2020-06-13,,,3.938,3.56
2020-06-14,,,3.902,3.721
2020-06-15,,,4.36,4.378
2020-06-16,,,4.33,4.569
2020-06-17,,,4.3,4.76
2020-06-18,,,4.406,5.109
2020-06-19,,,4.577,5.551
2020-06-20,,,4.041,4.964
2020-06-21,,,3.205,3.986
2020-06-22,,,3.685,4.636
2020-06-23,,,3.819,4.858
2020-06-24,,,4.028,5.18
2020-06-25,,,4.773,6.202
2020-06-26,,,5.066,6.646
2020-06-27,,,3.225,4.272
2020-06-28,,,4.211,5.627
2020-06-29,,,4.671,6.297
2020-06-30,,,3.294,4.478
2020-07-01,,,4.21,5.77
2020-07-02,,,4.667,6.446
2020-07-03,,,5.135,7.146
2020-07-04,,6.09178756824297,4.964,6.957
2020-07-05,,5.25447456565444,5.198,7.337
2020-07-06,,4.940920352771911,4.517,6.418
2020-07-07,,5.511383274937066,4.408,6.302
2020-07-08,,4.774181935396652,4.799,6.77
2020-07-09,,8.173351335075862,4.601,6.406
2020-07-10,,8.225477215982929,5.102,7.012
2020-07-11,,7.882233424251765,5.18,7.029
2020-07-12,,6.316690742049011,4.16,5.575
2020-07-13,,6.578551506354256,5.128,7.596
2020-07-14,,7.551709192562368,5.39,7.134
2020-07-15,,4.704458823867725,4.225,5.592
2020-07-16,,4.659237693123412,4.291,5.679
2020-07-17,,7.240279535831388,5.127,6.787
2020-07-18,,7.008153923628626,5.127,6.787
2020-07-19,,4.534717502604563,4.211,5.575
2020-07-20,,4.329182641863354,4.211,5.575
2020-07-21,,4.322681309253809,3.021,4.0
2020-07-22,,5.4430556091643165,3.557,4.71
2020-07-23,,6.841717923125693,4.668,6.181
2020-07-24,,6.123999804510094,4.668,6.181
2020-07-25,,6.431224525350828,4.838,6.406
2020-07-26,,6.6973784920173856,5.308,7.029
2020-07-27,,3.135411295213784,2.654,3.515
2020-07-28,,6.677942193430494,4.759,6.302
2020-07-29,,7.878256838234434,5.125,7.511
2020-07-30,,2.8959637370011566,1.949,2.562
2020-07-31,,4.65788511296258,3.451,4.501
2020-08-01,,1.6764869231515886,1.291,1.671
2020-08-02,,6.328295831139644,4.506,5.79
2020-08-03,,,3.626,4.625
2020-08-04,,,3.559,4.507
2020-08-05,,4.134750961096039,4.136,5.199
2020-08-06,,4.66531973274639,4.274,7.113
2020-08-07,,5.936542079805242,4.5,5.554
2020-08-08,,5.405614885832569,4.55,5.554
2020-08-09,,5.144402072497496,4.698,5.672
2020-08-10,,5.359683478533328,4.566,5.452
2020-08-11,,2.9659336013343727,4.315,5.098
2020-08-12,,5.861638188987168,4.765,5.57
2020-08-13,,5.453134260070188,4.699,5.435
2020-08-14,,4.85690512676402,4.659,6.175
2020-08-15,,4.064424169766906,4.383,5.098
2020-08-16,,5.070440429112218,5.298,6.263
2020-08-17,,5.506986897692313,4.72,5.672
2020-08-18,,5.072049467655694,4.061,4.963
2020-08-19,,5.190469359750596,4.468,5.554
2020-08-20,,4.831463014777161,4.205,5.317
2020-08-21,,4.107573705850714,4.224,5.435
2020-08-22,,4.98529845092426,4.149,5.7
2020-08-23,,4.103966713042782,4.453,5.908
2020-08-24,,5.23434600801382,4.923,6.617
2020-08-25,,4.88133553283294,4.6,6.263
2020-08-26,,5.44361002076328,4.625,6.381
2020-08-27,,2.7058262052379423,4.129,5.773
2020-08-28,,4.059187559120103,4.086,5.79
2020-08-29,,3.214482877770464,3.537,5.081
2020-08-30,,4.423736827492373,3.905,6.052
2020-08-31,,3.169427951018136,3.477,4.979
2020-09-01,,1.0961337729349871,2.351,3.311
2020-09-02,,3.521148931299418,3.378,4.681
2020-09-03,,4.844514296576548,4.509,6.043
2020-09-04,,4.196490825049753,4.156,5.368
2020-09-05,,4.441561400385599,4.925,6.13
2020-09-06,,2.4374214956884286,3.672,4.405
2020-09-07,,2.7993999087789234,2.761,3.19
2020-09-08,,2.6877332080659966,2.802,3.118
2020-09-09,,,3.578,3.832
2020-09-10,,2.129093267990617,3.178,3.275
2020-09-11,,,2.94,2.915
2020-09-12,,1.5497222160547457,1.819,1.735
2020-09-13,,3.909486618877256,3.398,3.114
2020-09-14,,3.235209079131696,3.754,3.305
2020-09-15,,2.7230216348731364,3.605,3.048
2020-09-16,,,3.549,2.936
2020-09-17,,,2.854,2.305
2020-09-18,,,3.088,2.428
2020-09-19,,,3.134,2.392
2020-09-20,,,3.785,2.793
2020-09-21,,,3.221,2.286
2020-09-22,,,2.768,1.879
2020-09-23,,,2.415,1.556
2020-09-24,,1.5388813766318292,2.672,1.619
2020-09-25,,1.1390867191575984,2.33,1.311
2020-09-26,,1.2528718356002249,2.874,1.476
2020-09-27,,0.8430815888526164,2.092,0.957
2020-09-28,,,1.295,0.509
2020-09-29,,1.4820550271121042,1.149,0.364
2020-09-30,,1.553306068251716,1.684,0.384
2020-10-01,,1.715127213942843,1.1,0.133
2020-10-02,,1.0042172170096906,0.768,0.102
2020-10-03,,0.9514402596861244,0.592,0.086
2020-10-04,,2.215736711757791,0.646,0.103
2020-10-05,,1.6644632089512843,0.974,0.17
2020-10-06,,1.644625522350092,1.581,0.301
2020-10-07,,1.1512369199056849,1.464,0.304
2020-10-08,,1.1895160393613555,1.193,0.269
2020-10-09,,0.9538105445749576,1.449,0.355
2020-10-10,,0.3929177442268385,0.932,0.24
2020-10-11,,0.749923607844625,0.952,0.258
2020-10-12,,0.948863257792016,0.53,0.15
2020-10-13,,2.2325877299446275,1.294,0.384
2020-10-14,,2.01865366681944,1.784,0.553
2020-10-15,,1.054745525711591,0.612,0.198
2020-10-16,,1.3195243497900182,0.984,0.332
2020-10-17,,1.3032175186332773,1.38,0.485
2020-10-18,,0.4841556793765416,0.853,0.312
2020-10-19,,1.4900976008081996,0.482,0.183
2020-10-20,,,0.451,0.178
2020-10-21,,1.2174945180307992,0.42,0.172
2020-10-22,,2.1412640067578934,0.945,0.4
2020-10-23,,1.4575521528230635,0.276,0.121
2020-10-24,,2.3431041616252126,0.466,0.212
2020-10-25,,1.710658983424271,0.436,0.205
2020-10-26,,0.776306702925502,0.216,0.105
2020-10-27,,,0.215,0.108
2020-10-28,,1.2427966398576715,0.293,0.152
2020-10-29,,1.5718551507098024,0.344,0.184
2020-10-30,,1.0811332978141086,0.364,0.2
2020-10-31,,1.512371872938956,0.652,0.37
2020-11-01,,1.9461007059392503,0.488,0.285
2020-11-02,,0.96360048091673,0.619,0.373
2020-11-03,,0.794323969461409,0.808,0.482
2020-11-04,,0.9930768616915122,1.002,0.593
2020-11-05,,0.6918721434434663,0.679,0.398
2020-11-06,,1.6677221075474375,0.687,0.399
2020-11-07,,1.211379551308421,0.69,0.397
2020-11-08,,0.8563602251157553,0.828,0.473
2020-11-09,,0.5797341451099308,0.832,0.471
2020-11-10,,1.0016974118929716,0.28,0.157
2020-11-11,,1.8024021388246605,0.338,0.188
2020-11-12,,1.6444802614277578,0.368,0.203
2020-11-13,,1.007313683951395,0.337,0.184
2020-11-14,,0.8129114297386776,0.539,0.291
2020-11-15,,3.920585350151647,0.312,0.167
2020-11-16,,2.587001022851412,0.663,0.353
2020-11-17,,1.1720957732967656,0.406,0.214
2020-11-18,,2.224371778222732,0.699,0.365
2020-11-19,,2.4121835848093736,1.404,0.737
2020-11-20,,0.7324176805814363,0.765,0.404
2020-11-21,,,0.49,0.26
2020-11-22,,,0.225,0.119
2020-11-23,,0.9784423244877744,0.356,0.19
2020-11-24,,1.6171785477395386,0.499,0.267
2020-11-25,,,0.262,0.141
2020-11-26,,1.3713482446924372,0.229,0.123
2020-11-27,,0.5941056071121404,0.335,0.181
2020-11-28,,1.3878703560042582,0.599,0.324
2020-11-29,,0.8686339306175016,0.72,0.39
2020-11-30,,1.5959376404784364,0.587,0.319
2020-12-01,,0.7449865831823178,0.473,0.257
2020-12-02,,0.4856148783572568,0.545,0.297
2020-12-03,,0.593066657990622,0.734,0.4
2020-12-04,,0.7950280597921049,0.693,0.378
2020-12-05,,0.5056220144097038,0.463,0.261
2020-12-06,,0.3743750858209707,0.515,0.301
2020-12-07,,0.3348892569539582,0.397,0.24
2020-12-08,,0.3605263760500336,0.505,0.316
2020-12-09,,0.6436022527349259,0.834,0.539
2020-12-10,,0.5064657103938003,0.935,0.624
2020-12-11,,,0.544,0.375
2020-12-12,,0.7880022307212092,0.108,0.077
2020-12-13,,0.9293129303578156,0.32,0.235
2020-12-14,,1.4663630018881035,0.475,0.36
2020-12-15,,0.9858124106398782,0.574,0.449
2020-12-16,,0.3910630730423236,0.258,0.208
2020-12-17,,0.8038256247900475,0.255,0.212
2020-12-18,,0.6495770597314993,0.353,0.302
2020-12-19,,0.8280134511256965,0.549,0.484
2020-12-20,,0.9951520913805044,0.5,0.454
2020-12-21,,1.6457472192982083,0.882,0.813
2020-12-22,,0.7494073306226668,0.633,0.591
2020-12-23,,1.527027446514975,0.774,0.733
2020-12-24,,1.8254600796461533,0.481,0.462
2020-12-25,,0.8094060025503451,0.478,0.465
2020-12-26,,0.479261429638029,0.57,0.562
2020-12-27,,0.4864127384812742,0.802,0.802
2020-12-28,,0.5387829579416529,0.188,0.19
2020-12-29,,0.5107426339969545,0.652,0.67
2020-12-30,,0.8981398177229338,0.278,0.289
2020-12-31,,0.6654879297615623,0.322,0.34
2021-01-01,0.285584789825287,,0.305,0.326
2021-01-02,0.4587908052786978,,0.177,0.192
2021-01-03,0.1100520084272948,,0.088,0.097
2021-01-04,0.15418698465453437,,0.125,0.139
2021-01-05,0.17796065845949718,,0.26,0.294
2021-01-06,0.4313148468567579,,0.258,0.296
2021-01-07,0.6976794627000572,,0.384,0.446
2021-01-08,0.5767389307389269,0.2842126637342402,0.297,0.349
2021-01-09,0.7169941751902207,0.4059390969740187,0.252,0.301
2021-01-10,0.5438598305469523,0.5427283729690053,0.209,0.253
2021-01-11,0.40920788440415085,0.4667496717792401,0.249,0.305
2021-01-12,0.851203237826038,0.0740339475101308,0.412,0.512
2021-01-13,0.7446672614981198,0.0784049638863468,0.491,0.619
2021-01-14,0.2613077867070077,,0.406,0.519
2021-01-15,0.592634433103607,0.6607160694132042,0.202,0.261
2021-01-16,0.2593532777656597,5.029006498115667,0.24,0.315
2021-01-17,0.3437272809343192,1.1739662941842568,0.119,0.159
2021-01-18,0.39797861913769866,0.6895923959514896,0.197,0.266
2021-01-19,0.7629267258913798,1.7312482099261977,0.274,0.375
2021-01-20,0.9356180081891932,2.5792183025372126,0.311,0.431
2021-01-21,1.0393502557476106,2.008152073418319,0.545,0.767
2021-01-22,0.7356688691833467,1.555919962443687,0.301,0.481
2021-01-23,0.929013348487661,1.5168667831694431,0.44,0.792
2021-01-24,0.6143035827760612,0.7620350372607902,0.358,0.719
2021-01-25,0.5200931734249243,,0.279,0.623
2021-01-26,0.5960763590482513,,0.136,0.335
2021-01-27,0.2324153205612118,,0.099,0.269
2021-01-28,0.7686259603836749,,0.192,0.573
2021-01-29,0.9937237495117703,1.3031657275560202,0.249,0.811
2021-01-30,0.27103770874702354,,0.302,1.073
2021-01-31,0.5945276355602097,,0.205,0.784
2021-02-01,0.9948873402444596,1.3392257494257371,0.22,0.867
2021-02-02,0.965472268961074,1.0951670769514468,0.243,0.99
2021-02-03,1.2726176319200002,1.0552917750055328,0.264,1.114
2021-02-04,0.052792343718834345,,0.255,1.114
2021-02-05,0.7453078867140878,2.3616135451185016,0.3,1.362
2021-02-06,0.743545722874353,0.9878863376917006,0.158,0.986
2021-02-07,0.6468326122162433,0.2752011075104286,0.108,0.495
2021-02-08,0.5011326151121329,0.3168291010238955,0.11,0.495
2021-02-09,0.6429762281857795,,0.113,0.495
2021-02-10,0.6638374647267077,0.3834737739287722,0.174,0.743
2021-02-11,0.8315380756543138,0.2617223883820284,0.237,0.99
2021-02-12,0.7393686746031995,0.3443147392443086,0.147,0.602
2021-02-13,0.5322670474082126,0.379508912924575,0.062,0.248
2021-02-14,0.7907647614757641,0.5593716950101073,0.126,0.495
2021-02-15,0.4220800474777852,0.2869118747516196,0.129,0.495
2021-02-16,0.8486428525829988,0.1971858834560257,0.127,0.478
2021-02-17,0.7340961429744948,0.2616187248391908,0.134,0.495
2021-02-18,1.0010127913731228,0.1074534022797504,0.103,0.36
2021-02-19,1.1472202074826257,,0.17,0.566
2021-02-20,1.2047531365688993,0.1571037183864598,0.321,1.014
2021-02-21,1.0084755382319324,,0.617,1.853
2021-02-22,1.359079203833948,1.1922902826143928,0.665,1.896
2021-02-23,2.4825309079990223,1.5095580149188044,1.054,2.845
2021-02-24,2.1215631629445904,1.865511957781967,0.192,0.49
2021-02-25,1.8110497205386502,2.008260142980451,0.195,0.471
2021-02-26,1.7621483323273042,2.2522668820409883,0.198,0.453
2021-02-27,2.4984493607233893,2.6107661200202923,0.363,0.782
2021-02-28,0.33211893705934037,0.944640168218532,0.252,0.511
2021-03-01,1.7766500341980047,2.60884528837447,1.617,3.086
2021-03-02,2.0561700771854494,2.244683578770185,0.932,1.67
2021-03-03,2.3728461933131806,2.256558914884073,1.155,2.049
2021-03-04,1.7294582572762336,2.5226134336448798,0.801,1.406
2021-03-05,2.083888814838473,1.8406375837310476,0.89,1.549
2021-03-06,2.3069830169969086,1.7176541633464617,0.757,1.305
2021-03-07,2.239969949811618,2.215056619401033,1.204,2.053
2021-03-08,2.5607875363461425,2.382547542272528,1.74,2.939
2021-03-09,2.351520128473078,1.8839783381267523,1.786,2.986
2021-03-10,1.3890207103842824,1.1759997366200103,1.705,2.821
2021-03-11,1.534099279634764,2.7317090904032355,0.805,1.319
2021-03-12,1.7683411494041397,2.138719792918668,1.126,1.824
2021-03-13,1.6169173841245648,1.681657118233941,1.12,1.797
2021-03-14,0.5215091080280274,1.1067209818155248,1.121,1.779
2021-03-15,0.6734959694036233,,0.545,0.856
2021-03-16,0.8598782328330742,,0.68,1.057
2021-03-17,0.5807591186403974,,0.449,0.691
2021-03-18,0.42389850472253354,,0.27,0.41
2021-03-19,2.839461119268476,4.509102874165084,1.261,1.896
2021-03-20,3.039889735680714,2.90254218982091,1.262,1.876
2021-03-21,3.320130755026677,2.731836734933651,1.578,2.321
2021-03-22,3.052439224990138,1.5478607693094897,1.483,2.156
2021-03-23,0.926795205212137,1.56096678973241,1.174,1.688
2021-03-24,1.3430046943069758,2.9026118255149123,0.956,1.358
2021-03-25,1.293436970929856,,0.724,1.016
2021-03-26,1.0263339193845116,1.1654974456246134,0.724,1.005
2021-03-27,3.2952918767995887,3.683815418067792,1.547,2.121
2021-03-28,2.508632533736699,4.019899757274595,1.037,1.404
2021-03-29,3.7416108311028116,3.760462506145996,1.673,2.239
2021-03-30,2.5602557877348167,2.0781613569034434,1.908,2.522
2021-03-31,3.17409320126266,1.9432355534842916,1.318,1.721
2021-04-01,2.9741400247233885,1.1684746238787438,1.192,1.536
2021-04-02,3.2923137087354597,1.2378942633120469,1.33,1.693
2021-04-03,3.9192805069395957,2.01024517974399,2.295,2.884
2021-04-04,4.085395049613813,1.0564094603389025,2.072,2.528
2021-04-05,3.8767143610796366,0.8521643721284288,2.122,2.506
2021-04-06,3.966001138018149,1.1891945212793402,2.298,2.622
2021-04-07,3.878154358683681,0.6825925725231614,2.21,2.43
2021-04-08,1.2286863993052715,2.920111211261088,0.958,1.012
2021-04-09,4.436110088896156,3.4613765567376102,1.999,2.021
2021-04-10,1.4174065739061386,2.778746657322279,1.198,1.155
2021-04-11,0.9455660953674176,,0.469,0.429
2021-04-12,4.460289393569477,5.159910507968825,1.415,1.222
2021-04-13,4.549774315103366,3.045478838852215,1.421,1.151
2021-04-14,4.223370001365634,1.9389128933724704,1.316,0.992
2021-04-15,3.699656341462617,1.141836148215263,1.178,0.819
2021-04-16,3.7671916868310666,1.0771486647450292,1.04,0.659
2021-04-17,2.6576517053109994,0.8772498267968906,0.957,0.544
2021-04-18,2.994277134877918,1.4109222213695356,1.094,0.547
2021-04-19,3.3507089979342917,1.228573292552429,1.356,0.581
2021-04-20,0.6402039405799116,0.0569938899302101,0.533,0.25
2021-04-21,3.4866824176882116,,1.061,0.538
2021-04-22,3.900402549170068,4.051861054743863,1.239,0.674
2021-04-23,2.0804794969254314,1.3885890539073114,1.13,0.653
2021-04-24,0.9271117231674065,1.003695627116698,0.6,0.366
2021-04-25,4.120729228188648,2.7160296206830234,1.464,0.937
2021-04-26,5.3338099889489285,1.9608316682919888,2.611,1.747
2021-04-27,4.852893438151797,1.0468347318520352,2.883,2.007
2021-04-28,0.6188214980099925,1.0826041324606832,0.964,0.702
2021-04-29,3.0846748850544743,3.925145927777824,1.264,0.955
2021-04-30,4.931630205982429,5.768734341047039,2.463,1.92
2021-05-01,6.098290075341311,3.0077835415249776,3.592,2.877
2021-05-02,3.864626518483131,1.4378423615335247,3.193,2.617
2021-05-03,2.0422682232586054,2.0417505309888564,2.19,1.832
2021-05-04,0.7068551246146916,1.1917959830548976,0.936,0.797
2021-05-05,5.25421288996835,3.71727766842769,2.95,2.552
2021-05-06,2.672607040943127,2.5817334817762667,2.261,2.072
2021-05-07,4.7194406628624375,2.585845405103786,2.823,2.744
2021-05-08,3.71214718843897,2.099509196349839,2.063,2.132
2021-05-09,1.4439410228325427,2.9513574851616484,0.928,1.021
2021-05-10,3.740976139561525,4.799555773908382,1.918,2.253
2021-05-11,4.253147708099424,4.709964545742811,1.816,2.284
2021-05-12,4.934731549633315,3.1685832344595526,2.132,2.878
2021-05-13,5.443038354962206,2.2539116303133,2.093,3.043
2021-05-14,4.779758450475872,1.8692912812359703,2.085,2.806
2021-05-15,1.455110630454514,1.26158914896395,1.128,1.4
2021-05-16,3.2870833689588927,1.3675547490141111,1.697,1.935
2021-05-17,1.2672533355728803,,1.305,1.361
2021-05-18,1.4231631245832688,,1.469,1.392
2021-05-19,3.136023637010168,4.416162887816385,2.256,1.931
2021-05-20,5.715452337921768,7.152502599333124,2.934,2.25
2021-05-21,5.103797351066868,4.004565882057875,2.88,1.96
2021-05-22,3.906228850727076,2.496306413668453,2.678,1.922
2021-05-23,5.242081049411432,2.2436760984421182,2.492,1.866
2021-05-24,5.656129930797039,3.11974144494004,3.978,3.085
2021-05-25,4.951174285172129,3.428295692100128,4.278,3.415
2021-05-26,5.189813079670683,5.108558719087544,4.283,3.503
2021-05-27,2.5001867308436068,2.287168636728818,3.158,2.638
2021-05-28,0.911834752715596,1.7478641818565737,1.169,0.995
2021-05-29,5.716104581696863,6.470043719099534,3.976,3.436
2021-05-30,5.790006018480698,3.2744992838795617,4.181,3.577
2021-05-31,3.3901086745304174,2.0499604576764865,2.834,2.398
2021-06-01,3.021226362180381,2.000031689860505,2.572,2.152
2021-06-02,3.4486007976643935,2.023388214383585,3.281,2.715
2021-06-03,6.145327909786479,2.781341544034697,4.832,3.949
2021-06-04,6.762937841677942,3.293387123534699,5.325,4.298
2021-06-05,5.860180639391604,3.947226303930206,5.155,4.106
2021-06-06,5.208135812333809,2.532411060947038,4.218,3.313
2021-06-07,5.351886046488504,,3.33,2.578
2021-06-08,4.92424640725691,5.104581678853783,3.584,2.734
2021-06-09,4.838481555481531,4.576995976369949,3.296,2.474
2021-06-10,4.906560360895771,4.138755283270635,3.241,2.393
2021-06-11,5.71027292295284,4.050745535453993,4.107,2.979
2021-06-12,5.845667851838571,5.327471135982175,4.176,2.973
2021-06-13,6.95663410716078,6.652667608751459,4.718,3.295
2021-06-14,6.442327844549739,5.146557681175313,4.5,3.078
2021-06-15,6.103104223007252,5.295193455160391,3.903,3.001
2021-06-16,6.745497164579975,5.547307810586903,3.977,3.395
2021-06-17,6.507473086985813,7.002392535036214,4.727,4.435
2021-06-18,3.645599385194331,4.602524090273742,4.204,4.297
2021-06-19,4.329385449387288,5.925500808481999,3.321,3.673
2021-06-20,3.9754334405277993,5.284268415832575,3.743,4.453
2021-06-21,2.9894722087177534,4.481762490306704,2.38,3.03
2021-06-22,6.03098280770183,5.740464523384344,3.825,5.185
2021-06-23,5.206978531964189,6.373703429403352,4.266,5.786
2021-06-24,1.2395936182754448,,2.722,3.694
2021-06-25,2.700583910219417,,3.118,4.232
2021-06-26,5.097347350625019,6.813012491087423,3.155,4.284
2021-06-27,3.9787664239683354,4.75369969032527,3.11,4.224
2021-06-28,4.690162539873047,5.653021617960974,3.073,4.175
2021-06-29,5.357749094348374,6.607026977809272,3.764,5.115
2021-06-30,2.0028192001521803,,2.619,3.561
2021-07-01,6.120035992881101,,3.464,4.71
2021-07-02,5.653677865648688,6.80191071388896,3.795,5.162
2021-07-03,6.338430107712152,7.376484987020557,4.069,5.536
2021-07-04,6.348618850527562,7.854622279808058,4.402,5.991
2021-07-05,6.409042844346672,7.520097375439841,4.459,6.071
2021-07-06,5.857777568879869,6.837275799623891,4.572,6.227
2021-07-07,5.388121669422709,6.698087893651641,4.312,5.873
2021-07-08,2.9169966701565455,4.741556305068293,2.886,3.932
2021-07-09,2.23687235644654,,2.994,4.081
2021-07-10,1.755041620684904,,2.945,4.015
2021-07-11,2.2438502436769863,4.175202270713874,3.618,4.933
2021-07-12,3.1331335074521807,5.674080940926364,2.923,3.987
2021-07-13,2.9677941737910127,,3.69,5.034
2021-07-14,3.8526973815085963,5.445771435503777,4.708,6.425
2021-07-15,2.9163607887459753,,4.097,5.592
2021-07-16,1.1031923484209107,1.4556642996373022,2.11,2.881
2021-07-17,2.2345235781891097,3.5902045798128577,4.249,5.801
2021-07-18,2.827437447774347,,4.301,5.874
2021-07-19,3.2797378736781546,6.658323364092288,4.601,6.286
2021-07-20,3.7829030073324676,6.588853296319485,4.556,6.225
2021-07-21,3.2747243371604764,6.00708884788436,4.686,6.404
2021-07-22,3.714088872523753,6.69035510512466,4.538,6.164
2021-07-23,3.819043517559113,7.448972023985112,5.131,6.908
2021-07-24,4.539553808761661,8.507579046557323,4.996,6.831
2021-07-25,4.193891029687457,5.640445953947396,4.529,6.043
2021-07-26,4.446006211085601,8.339382883725301,5.359,7.151
2021-07-27,3.940016425090473,7.187304482306202,4.905,6.545
2021-07-28,3.491646110150187,6.342667278395518,4.905,6.545
2021-07-29,1.069665867361875,2.720340719701704,3.815,5.09
2021-07-30,2.916325671393355,5.5670929978599695,3.997,5.329
2021-07-31,1.5749910249545307,3.4186681870265847,2.284,3.032
2021-08-01,3.501795696774364,3.9690734847931215,3.985,5.268
2021-08-02,4.027203807943828,7.127143505573991,4.251,5.595
2021-08-03,3.8484303092080654,6.410560644497248,4.251,5.571
2021-08-04,2.856081882791095,5.053109341322911,4.163,5.431
2021-08-05,3.9098869785256225,6.715100367011686,4.327,5.622
2021-08-06,2.5802112191567708,3.7929560722376414,4.34,5.613
2021-08-07,3.4924104562373506,7.786330411572615,4.77,6.143
2021-08-08,3.640072748029569,8.600059721262998,4.517,5.791
2021-08-09,1.8968531238874602,,3.277,4.183
2021-08-10,3.6513362793426714,7.482024401261457,4.682,5.949
2021-08-11,2.861331628636068,7.082678967957416,4.252,5.378
2021-08-12,-0.10797220995729752,,1.835,2.311
2021-08-13,3.1780746644076343,5.126928950882562,3.455,4.331
2021-08-14,3.654377262743468,6.727383714806655,4.264,5.321
2021-08-15,4.004352693921288,7.958395804420029,4.075,5.062
2021-08-16,3.694400490689509,6.234432804021387,3.455,4.272
2021-08-17,3.2908694893792583,5.030170116465012,3.632,4.47
2021-08-18,3.539854965936427,5.304365446959338,3.898,4.775
2021-08-19,4.078269973727716,5.581662815314992,4.075,4.969
2021-08-20,4.096398871045793,7.262087583600077,4.087,4.961
2021-08-21,1.9709922463832028,3.173242458950297,3.467,4.189
2021-08-22,3.564632662238231,5.587588584092492,3.885,4.672
2021-08-23,3.3441146431176927,5.722444425120453,4.328,5.18
2021-08-24,4.013744001819629,5.721262932097751,4.695,5.592
2021-08-25,4.010569824278464,,4.341,5.145
2021-08-26,1.4299150658023274,2.5845870004227653,2.442,2.912
2021-08-27,3.458898391026095,5.094079433302907,4.161,4.996
2021-08-28,3.6166727667769427,4.887580997137554,4.201,5.077
2021-08-29,3.5116958197318637,5.217253317985976,4.239,5.157
2021-08-30,2.9127226519397658,5.688230682816311,3.185,3.902
2021-08-31,3.223307462476364,4.0217451525494825,3.658,4.511
2021-09-01,3.7648057545813316,5.563679304120792,3.494,4.339
2021-09-02,3.030846272462581,6.149913451223066,3.442,4.306
2021-09-03,1.4401364477619347,3.353619543159182,2.476,3.023
2021-09-04,0.6175747875699562,1.598938302080638,1.443,1.718
2021-09-05,2.9780845081829637,5.323406497963006,3.48,4.035
2021-09-06,3.3664788170953615,6.024720579780872,4.114,4.639
2021-09-07,3.3216197687628255,7.241456348833746,3.855,4.221
2021-09-08,2.904325295733298,4.6894912606446,3.654,3.879
2021-09-09,2.6946236788759377,2.996743811619506,3.034,3.116
2021-09-10,2.9155871142811636,3.872249957598013,3.283,3.258
2021-09-11,2.480979873687526,3.807149082713537,3.943,3.698
2021-09-12,2.401093820428079,3.8811486157732857,4.257,3.771
2021-09-13,2.6011164591015077,3.008294810147716,3.97,3.319
2021-09-14,2.477918079484256,2.6419595816443464,3.744,2.952
2021-09-15,2.262455986672061,1.2096943284310568,3.357,2.493
2021-09-16,2.8435854862882386,2.1947044737959964,3.822,2.671
2021-09-17,2.8595748141073742,1.778878547864012,3.568,2.343
2021-09-18,2.29014977106958,1.06302101686367,3.385,2.086
2021-09-19,2.5417552637082523,2.079156781549157,3.727,2.299
2021-09-20,1.6316258618581696,,2.967,1.832
2021-09-21,0.5432996637534261,,0.971,0.6
2021-09-22,1.0127801429204824,,1.597,0.988
2021-09-23,2.4593918781093174,2.5326348616747283,2.365,1.466
2021-09-24,2.6816628249917382,2.610969939260161,2.648,1.644
2021-09-25,2.241658193946622,3.321945580857437,1.86,1.157
2021-09-26,2.435068454116491,2.602063416939688,2.361,1.474
2021-09-27,2.331236010500474,2.578879869164516,2.705,1.639
2021-09-28,2.2586264456921397,,1.853,1.091
2021-09-29,2.2657557965668778,1.5959256317544548,2.099,1.203
2021-09-30,2.0514271469224616,1.5455546154505604,2.252,1.255
2021-10-01,2.285192539772587,1.5884194732348302,2.466,1.339
2021-10-02,0.8586962981838863,1.094293542490559,1.527,0.808
2021-10-03,0.5394272463800592,1.075552061522991,1.51,0.779
2021-10-04,1.5823322269186535,1.1749382044220786,1.766,0.889
2021-10-05,0.9432097697734957,1.104391271940237,1.307,0.642
2021-10-06,0.8493274072587604,0.8056454270846041,1.559,0.748
2021-10-07,0.834051003247128,,1.172,0.549
2021-10-08,1.7102372960388408,,1.568,0.718
2021-10-09,1.7233074914432618,1.766972930665469,2.648,1.185
2021-10-10,1.8244968266026433,1.9481397663693287,3.951,1.73
2021-10-11,0.40611868798799244,,2.245,0.962
2021-10-12,2.053067548419413,3.021808758546876,2.224,0.933
2021-10-13,0.5818165054472234,0.0969155209570741,1.647,0.667
2021-10-14,0.4165197139343728,,1.116,0.434
2021-10-15,0.6032382670246407,,0.965,0.36
2021-10-16,1.2661626823926613,3.2145866495587407,1.809,0.643
2021-10-17,1.4555696152267201,2.160419524389131,2.05,0.69
2021-10-18,1.406442955292594,1.8110058898939416,1.934,0.613
2021-10-19,0.854291457617903,1.5460181784649052,1.76,0.521
2021-10-20,1.4371716262612002,1.6684446706327505,1.86,0.509
2021-10-21,0.6244596124944447,1.4554123238459606,0.938,0.302
2021-10-22,0.5890725233986268,,0.777,0.288
2021-10-23,0.5873925406614762,0.9153139848323588,0.735,0.308
2021-10-24,0.45052255886027764,,0.58,0.27
2021-10-25,0.464719962696352,,0.363,0.186
2021-10-26,0.8133522975352923,1.8471304859012905,1.057,0.591
2021-10-27,1.123098710923921,2.8134423935115813,1.389,0.841
2021-10-28,0.30720578856502795,,0.107,0.07
2021-10-29,0.3751555407934219,,0.162,0.113
2021-10-30,0.38823483484435,1.4132163107510392,0.216,0.161
2021-10-31,0.42625736882277665,1.2979510512662291,0.761,0.598
2021-11-01,0.11132410068334152,1.3197430040426092,0.686,0.57
2021-11-02,0.7576027954682155,1.7273743112065516,0.918,0.803
2021-11-03,0.6025119048639422,1.5056474951008412,0.626,0.575
2021-11-04,0.5777065100184356,1.3457786332241308,0.81,0.779
2021-11-05,0.7586036460082816,2.1493542851868286,0.988,0.992
2021-11-06,0.8322747188620628,1.517393236738079,1.095,1.109
2021-11-07,0.6643770105218116,1.6661203052122036,1.422,1.451
2021-11-08,0.5264028091750466,1.6382935902491744,1.419,1.459
2021-11-09,0.12043333435695239,0.5314095824175035,0.675,0.7
2021-11-10,-0.05197327520967209,,0.838,0.875
2021-11-11,-0.04786629712231122,,0.823,0.867
2021-11-12,0.42514444491635717,4.148211507978462,1.044,1.109
2021-11-13,0.5647702540590657,2.696108317681667,0.599,0.642
2021-11-14,0.21593080490798874,1.850789026165188,0.54,0.584
2021-11-15,0.23410645613356157,0.8533465957381399,0.536,0.584
2021-11-16,0.6287374874764483,1.2329122229087262,0.903,0.992
2021-11-17,-0.268627470654128,,0.527,0.584
2021-11-18,0.4644826233119442,5.051242901134449,0.836,0.934
2021-11-19,0.4624556113474062,1.1072307439632445,0.562,0.634
2021-11-20,0.8420333173612088,1.5216455236462867,1.019,1.159
2021-11-21,0.3759562018887101,,0.763,0.875
2021-11-22,0.3455900953002842,1.0608878995472844,0.655,0.759
2021-11-23,0.4630948866726175,1.5421786347874755,0.792,0.925
2021-11-24,0.27711421729623925,1.622121224518029,1.139,1.342
2021-11-25,0.05320393516742325,1.7775820723725662,0.147,0.175
2021-11-26,0.3857930530698489,1.2536424838019666,0.583,0.7
2021-11-27,0.07383842540973408,0.3789249874375698,0.619,0.75
2021-11-28,0.2852403687725427,1.1561079214465029,0.572,0.7
2021-11-29,0.28778558271891724,0.9413091693053371,0.702,0.867
2021-11-30,0.16361182312158873,0.4769242911953406,0.608,0.759
2021-12-01,0.2576729955577832,,0.608,0.765
2021-12-02,0.22194508706250268,1.3239854074447155,0.86,1.093
2021-12-03,0.31772252368112003,1.0147848679882532,0.596,0.765
2021-12-04,0.22379585614557074,0.9266338527614484,0.506,0.656
2021-12-05,0.0421772287582074,,0.626,0.82
2021-12-06,0.2613693589991625,,0.454,0.601
2021-12-07,0.1467725879903345,0.6966470461403471,0.368,0.492
2021-12-08,0.37125470241658587,0.6337462196572831,0.526,0.71
2021-12-09,0.38026390579796565,0.570605788946902,0.76,1.038
2021-12-10,0.07467605498213777,,0.475,0.656
2021-12-11,-0.24554330356165702,2.854509077441767,0.157,0.219
2021-12-12,0.1256601457511037,1.50342157974859,0.698,0.984
2021-12-13,0.1648295689629239,1.1627159318935727,0.608,0.867
2021-12-14,0.46797144762736764,1.2270223557473392,0.531,0.765
2021-12-15,0.00707901438574609,0.0549760958792814,0.675,0.984
2021-12-16,0.09046890218239097,2.910629570111105,0.259,0.383
2021-12-17,0.2199262283363901,0.6000873499347963,0.33,0.492
2021-12-18,0.09844968896115065,,0.145,0.219
2021-12-19,0.13920694699170555,0.6516901596483898,0.215,0.328
2021-12-20,0.17258764560957818,0.8733796651221609,0.354,0.546
2021-12-21,0.2867360442321059,1.1490043509088188,0.384,0.601
2021-12-22,0.12093441894068929,1.346267642951648,0.38,0.601
2021-12-23,0.21598986521798663,0.5482985808555911,0.648,1.038
2021-12-24,-0.11461490259054755,0.1925678428980084,0.606,0.984
2021-12-25,-0.17917530607869778,,0.233,0.383
2021-12-26,0.38008318818315895,1.1790684823988675,0.558,0.929
2021-12-27,-0.30447822157762244,0.3545469803655283,0.421,0.71
2021-12-28,0.2395266074854826,,0.192,0.328
2021-12-29,0.36368193156430306,,0.189,0.328
2021-12-30,0.23371460953246284,,0.156,0.273
2021-12-31,0.2528207739415938,,0.246,0.437
2022-01-01,0.17510857668655236,,0.059,0.111
2022-01-02,0.4000263951452559,,0.029,0.056
2022-01-03,0.2797570043892542,1.1410784352362182,0.172,0.334
2022-01-04,0.2606493616835935,0.8369660028917829,0.279,0.549
2022-01-05,0.17777195262677759,1.0661606953028795,0.195,0.39
2022-01-06,0.1300326603877875,0.4917264743476513,0.11,0.223
2022-01-07,0.26583458651672714,0.2824099486805517,0.135,0.279
2022-01-08,0.19044786225066385,,0.319,0.671
2022-01-09,0.2538294138342664,,0.21,0.448
2022-01-10,0.35844042492901773,0.6436004535379417,0.21,0.456
2022-01-11,0.4633353013770718,0.8484937007769272,0.33,0.728
2022-01-12,-0.0318589860510046,0.2300211642222534,0.324,0.729
2022-01-13,0.4972239811530614,,0.221,0.505
2022-01-14,0.5190394789438478,,0.169,0.393
2022-01-15,0.017555194938505995,0.7446118438017278,0.119,0.281
2022-01-16,0.31077258769200483,0.5965095519083019,0.166,0.402
2022-01-17,0.15474029432479644,0.5868292814053383,0.122,0.289
2022-01-18,0.6669846274123826,0.7800305219635397,0.337,0.788
2022-01-19,0.06582806172708865,0.4954384829254656,0.15,0.346
2022-01-20,0.2461858583843715,0.4993516699545485,0.223,0.508
2022-01-21,0.30965210720297054,0.4097432407765216,0.151,0.339
2022-01-22,0.4610150817959847,0.5641129030190166,0.383,0.847
2022-01-23,0.553322371868801,0.4566574467800015,0.285,0.622
2022-01-24,0.3364840184346119,0.8053254095850205,0.237,0.509
2022-01-25,0.22966283829685974,0.4897716730179769,0.213,0.453
2022-01-26,0.30280648893247925,0.3166510345753582,0.216,0.453
2022-01-27,0.5260758962161773,0.4291289991589036,0.384,0.794
2022-01-28,-0.22369237481491416,0.3027610360348237,0.056,0.113
2022-01-29,-0.04052539249259319,0.8018810984145678,0.197,0.398
2022-01-30,0.34734251192081617,0.6224867822039727,0.228,0.455
2022-01-31,0.6144817114998381,0.484773728638956,0.318,0.626
2022-02-01,0.03491571426507104,,0.486,0.944
2022-02-02,-0.27668540447142964,,0.098,0.189
2022-02-03,-0.35947538534619183,3.3966420918919544,0.066,0.126
2022-02-04,-0.4336603917859451,0.2397843664317598,0.164,0.307
2022-02-05,-0.47852213462171883,0.1991369352906249,0.136,0.253
2022-02-06,-0.6760751018681549,0.099664804222647,0.241,0.442
2022-02-07,-0.5215168284718998,0.1603659107379793,0.14,0.253
2022-02-08,-0.6229427959895008,0.1216305417055877,0.388,0.696
2022-02-09,-0.6747528357287079,0.204034613088144,0.459,0.814
2022-02-10,-0.46190781915183904,0.6477681704608174,0.434,0.76
2022-02-11,-0.10502792270932869,,0.287,0.498
2022-02-12,-0.20523114520099883,1.787585812019525,0.254,0.435
2022-02-13,-0.5110337855546815,0.3466240645350935,0.187,0.318
2022-02-14,-0.5896590768428597,0.7518773619957144,0.265,0.445
2022-02-15,-0.4067308864637172,0.687426052482033,0.568,0.945
2022-02-16,0.7994650302859642,0.2560587859541028,0.966,1.591
2022-02-17,0.019647992091046923,,0.078,0.127
2022-02-18,-0.44639817848610525,,0.513,0.829
2022-02-19,-0.6569613678621264,0.7998433717761789,0.393,0.629
2022-02-20,-0.6897913523780199,0.6447151867097586,0.961,1.523
2022-02-21,1.3778719038763518,0.2219746224474738,1.058,1.661
2022-02-22,0.2934295328502613,,0.817,1.27
2022-02-23,0.26125165372270664,1.4497785229205429,0.54,0.832
2022-02-24,0.1551915550887277,,0.33,0.503
2022-02-25,-0.16411021634057874,,0.248,0.375
2022-02-26,0.3547076233216674,0.8003272705042058,0.428,0.641
2022-02-27,1.0378542189381241,1.4767484428346542,0.691,1.027
2022-02-28,1.2602977293104274,1.7682382809612835,0.997,1.468
2022-03-01,1.4304471803920487,1.9616377353177457,1.247,1.821
2022-03-02,0.9661780320422816,1.5395239374529066,1.072,1.552
2022-03-03,0.8587929553616084,2.6397668173389786,0.565,0.81
2022-03-04,0.8128676574809619,2.0527962588767017,0.997,1.419
2022-03-05,1.0920902422916758,3.1703358718281063,1.623,2.29
2022-03-06,1.1092917411626086,,0.774,1.083
2022-03-07,0.4821788282275032,,0.39,0.542
2022-03-08,1.1066969120648278,2.9034891411377526,0.738,1.017
2022-03-09,1.2627406769915763,3.2138393723014422,0.993,1.356
2022-03-10,0.7608576734110498,1.838444501560015,0.701,0.95
2022-03-11,-0.2310153430085402,1.4400853662723672,0.455,0.611
2022-03-12,0.33355838990006065,2.2111225430425363,1.019,1.359
2022-03-13,1.896303089157607,2.9718645068397413,1.909,2.526
2022-03-14,1.586031402168611,3.979095887330793,1.866,2.451
2022-03-15,1.2479790736684135,1.919820466923252,1.411,1.839
2022-03-16,1.6208356080662882,3.0978897503378384,1.898,2.454
2022-03-17,1.1901035186379212,2.199966352528097,1.807,2.319
2022-03-18,0.020404044670647912,0.5740000564069847,0.536,0.683
2022-03-19,0.2368945328946415,,0.54,0.683
2022-03-20,1.9930864616957933,4.300020638948469,1.906,2.393
2022-03-21,1.9317141472099875,3.970205334361391,2.36,2.942
2022-03-22,0.5576820307979375,2.4331179782523606,1.162,1.438
2022-03-23,0.8246527832267907,,0.94,1.155
2022-03-24,1.072524043791498,,0.787,0.96
2022-03-25,0.9391865749339349,,1.302,1.578
2022-03-26,1.5251180861265943,3.1836982660868705,1.084,1.305
2022-03-27,1.6058943997355593,2.192575811180137,1.38,1.649
2022-03-28,1.5067752358359103,1.7706395669140054,1.448,1.719
2022-03-29,0.7497534229614874,1.985678314605709,1.809,2.133
2022-03-30,0.042974362224260675,,0.588,0.689
2022-03-31,0.3906438675475922,,0.355,0.413
2022-04-01,1.4571906981214635,2.87520678884325,1.262,1.459
2022-04-02,0.5995426292359113,2.019461686654264,1.263,1.45
2022-04-03,2.2834228287464504,3.079543034741877,1.891,2.156
2022-04-04,2.1525637989117556,3.560690438576429,1.597,1.81
2022-04-05,0.45024545753593914,0.4321344100972394,0.875,0.985
2022-04-06,1.9108101405772746,,1.744,1.952
2022-04-07,1.0772756017086569,3.6743619432336607,1.326,1.475
2022-04-08,0.9285379040906481,2.2465020606485875,0.884,0.977
2022-04-09,2.1333723948438044,3.193643389923559,1.781,1.956
2022-04-10,2.6380897167518578,4.3017115231575245,2.818,3.076
2022-04-11,0.6438337445963137,0.944081284604904,1.677,1.819
2022-04-12,1.1536002977522677,0.8421770438908563,2.013,2.17
2022-04-13,-0.17223742135180753,1.282950836846488,0.784,0.841
2022-04-14,2.6886135534141657,5.918542463494001,2.755,2.935
2022-04-15,1.9138497168819613,2.597948987833698,2.201,2.352
2022-04-16,2.4939072123635677,2.8552317979253306,2.101,2.252
2022-04-17,1.633189015494813,2.264465795255133,1.815,1.953
2022-04-18,0.9884529097336836,3.205362914440014,1.283,1.385
2022-04-19,2.2097818308005857,2.400738860807317,1.934,2.095
2022-04-20,0.5996325208528795,,1.721,1.872
2022-04-21,2.593813492165937,,2.739,2.991
2022-04-22,2.410492333820481,4.0929422130717,3.024,3.315
2022-04-23,2.549143608882518,4.212299072142377,3.865,4.255
2022-04-24,0.08273851017095958,,2.037,2.252
2022-04-25,1.7675869371701838,4.82878316306865,1.565,1.738
2022-04-26,2.7626656201681645,3.7408357174859863,2.01,2.242
2022-04-27,2.94630688942479,3.594452799734636,1.918,2.149
2022-04-28,0.6138343588117171,2.198631183280549,1.472,1.658
2022-04-29,1.8116606079644364,3.365530233635192,1.938,2.193
2022-04-30,1.1500422967046497,2.688550286739721,2.18,2.481
2022-05-01,0.5275550153313429,2.161652895023773,1.073,1.228
2022-05-02,2.0960531168280494,1.2187990185926518,1.744,2.007
2022-05-03,0.6473078621704177,,1.166,1.35
2022-05-04,1.5578291258765418,2.8762832404899217,1.444,1.683
2022-05-05,0.42896681346394255,,0.555,0.651
2022-05-06,0.6556610361065948,,0.541,0.639
2022-05-07,3.5439763199167853,6.663021308521745,1.989,2.364
2022-05-08,2.3194564011720726,4.472779269969883,2.089,2.502
2022-05-09,3.5769824129552013,3.185298129457605,2.379,2.872
2022-05-10,3.395523132920465,1.9321907327698071,2.244,2.731
2022-05-11,3.5027223104489384,2.580449669781705,2.144,2.631
2022-05-12,3.6499543885015093,2.7216732153344227,2.434,3.014
2022-05-13,3.6112365163247264,2.484009987702064,2.292,2.866
2022-05-14,2.856978770453983,1.712770804703518,1.591,2.009
2022-05-15,2.039581048287541,1.9654983259651984,1.957,2.498
2022-05-16,3.7168313069804717,3.482162584251339,1.99,2.568
2022-05-17,3.5992386531833045,1.734582279918923,2.089,2.61
2022-05-18,1.0500838097427152,1.8113499446309,1.307,1.585
2022-05-19,3.7760290974550395,,2.2,2.597
2022-05-20,2.8327461716972695,4.367466289345391,2.114,2.431
2022-05-21,0.9584684453159472,,0.823,0.923
2022-05-22,2.2693402536417633,5.1175762676882846,1.727,1.894
2022-05-23,3.8131701890722094,6.389842694974724,2.311,2.481
2022-05-24,3.479589699882047,3.888893943481617,2.491,2.62
2022-05-25,2.6390585882792976,,2.724,2.81
2022-05-26,1.9308441115856223,3.5863760388166157,2.01,2.036
2022-05-27,1.0496905155891463,,1.09,1.085
2022-05-28,4.113556885969781,8.509246496071276,2.458,2.408
2022-05-29,3.7927808916227987,4.543617645662774,3.536,3.411
2022-05-30,4.31348335729701,3.597645448868781,3.922,3.726
2022-05-31,3.0726840519213154,2.9169258911074705,3.721,3.486
2022-06-01,1.177349274776387,,1.996,1.844
2022-06-02,4.157206870523388,4.582638605325234,2.872,2.62
2022-06-03,4.4587545401925714,2.758647139450592,3.794,3.419
2022-06-04,3.7705333956557943,3.3875843149112104,3.519,3.133
2022-06-05,3.0753291887286895,3.9087186364931976,4.057,3.571
2022-06-06,1.9438757489416874,2.381626459511425,3.382,2.945
2022-06-07,3.201985590772106,1.253758271275716,2.801,2.413
2022-06-08,1.687621731612051,2.552325414323432,2.392,2.04
2022-06-09,2.940813117412657,2.7559310839125133,4.129,3.488
2022-06-10,0.9022765349130907,2.2002382397407456,2.455,2.109
2022-06-11,3.0562473453064007,3.6747103464491166,3.725,3.254
2022-06-12,2.2950136032249655,2.8558110759734943,3.592,3.189
2022-06-13,3.036979827638775,3.639531692338824,4.517,4.075
2022-06-14,4.404877821279765,6.219863139244588,5.446,4.991
2022-06-15,3.9956984482944913,5.631146495270422,5.883,5.474
2022-06-16,4.92010290988122,6.219515199678595,5.621,5.31
2022-06-17,3.9400308844406164,2.9414682472164824,4.636,4.445
2022-06-18,4.091637600863111,4.388615236400822,4.361,4.241
2022-06-19,4.146650162444383,5.7029242582682205,4.584,4.523
2022-06-20,4.369974246559653,5.21132069238553,5.238,5.241
2022-06-21,4.76006366740371,5.667680023821896,5.536,5.615
2022-06-22,3.449993021525007,3.180718158576457,4.531,4.658
2022-06-23,4.316878253506616,3.578543111999502,4.242,4.419
2022-06-24,3.3845175877763767,5.084671163784429,4.776,5.041
2022-06-25,1.348396300477557,,3.473,3.713
2022-06-26,3.727946008002722,,3.263,3.532
2022-06-27,5.297264738729059,5.040530242046391,4.224,4.63
2022-06-28,5.527489728604697,6.855115814187379,4.15,4.604
2022-06-29,5.691442993300159,7.685305753421967,4.815,5.406
2022-06-30,5.850427843500781,7.918226466400568,5.19,5.897
2022-07-01,3.1300141635819,3.6710841905361873,3.713,4.267
2022-07-02,3.1218765860915925,5.193367275729491,4.001,4.652
2022-07-03,5.040080888052987,7.934429793168177,5.064,5.954
2022-07-04,4.909790143085465,7.029189606529499,4.424,5.282
2022-07-05,5.305285173685303,8.893701865551193,5.223,6.328
2022-07-06,3.8121442295162153,4.863759723854631,3.915,4.809
2022-07-07,0.8286599710290017,,2.776,3.457
2022-07-08,1.7811405430478011,,2.428,3.062
2022-07-09,4.460944122977222,7.511387513499367,4.102,5.236
2022-07-10,4.929849616517599,6.980796413454818,4.4,5.682
2022-07-11,4.382745696028751,6.318661457190079,4.614,6.026
2022-07-12,5.117743712109696,6.5870222003541645,4.694,6.196
2022-07-13,4.589814158333165,7.346310455569329,4.68,6.242
2022-07-14,4.643929632575122,6.5858445400713705,4.414,5.946
2022-07-15,0.9796169476149428,2.3456063443563533,3.113,4.234
2022-07-16,4.17241946883065,6.521428890108634,4.869,6.684
2022-07-17,1.7815125256624873,2.296590749757273,2.951,4.088
2022-07-18,4.396674797357316,6.086372518322794,4.751,6.545
2022-07-19,4.80411881532951,7.93469273225482,5.35,7.536
2022-07-20,4.947993636140605,8.1456753365426,5.421,7.376
2022-07-21,4.644464625686684,8.63784206316798,5.428,7.393
2022-07-22,4.551666523154378,7.716846112233953,5.512,7.514
2022-07-23,3.4329898054707333,5.478869603189132,5.659,7.723
2022-07-24,1.0146023973381986,3.177552412722121,3.283,4.484
2022-07-25,1.3912073006229237,2.026486062339348,4.09,5.592
2022-07-26,1.1621397758504022,,3.542,4.848
2022-07-27,2.7329140307241393,,3.526,4.831
2022-07-28,3.8280235815416916,,4.583,6.285
2022-07-29,3.8294491467563065,6.250606177401613,4.667,6.406
2022-07-30,4.277888909636343,5.314868765889029,4.499,6.181
2022-07-31,4.151034058616736,6.611750131224754,4.406,6.06
2022-08-01,4.049724985478253,,4.978,6.853
2022-08-02,1.2326521807710507,,3.111,4.287
2022-08-03,3.0347718605402974,,4.295,5.925
2022-08-04,3.1313546650729647,4.771768814286827,3.692,5.088
2022-08-05,3.0463074938777006,,4.275,5.883
2022-08-06,3.6882344941992504,5.875672564982678,4.71,6.472
2022-08-07,3.5951366677586925,5.992925757485535,4.608,6.323
2022-08-08,1.5312077016470036,,3.239,4.439
2022-08-09,2.335968793352155,4.554671415173181,2.64,3.612
2022-08-10,4.213736331279664,5.12576910907375,4.254,5.812
2022-08-11,3.285748933642038,5.322040426810132,3.57,4.87
2022-08-12,2.271685028015281,4.321371212573371,4.257,5.8
2022-08-13,2.350552990824089,5.16863296694791,4.134,5.825
2022-08-14,1.1217727921814853,2.5177619131915208,3.56,5.191
2022-08-15,1.9190074744615597,3.925213608212045,3.235,4.845
2022-08-16,3.0670857282245017,5.250555417927805,3.922,6.026
2022-08-17,3.279136622226775,5.066980636499842,3.831,6.043
2022-08-18,3.652494903475955,6.374564430780457,3.645,5.908
2022-08-19,3.3897341662387492,6.444438544317786,3.98,6.634
2022-08-20,2.888583591359189,,2.411,4.37
2022-08-21,2.4825403924355847,4.151057814343469,2.386,4.034
2022-08-22,3.40785422733966,5.725100995688732,2.906,4.845
2022-08-23,3.6915251436319494,4.692947728905997,3.378,5.509
2022-08-24,3.9087111762532505,5.325476289378521,3.424,5.389
2022-08-25,3.3617942249043122,4.597651360353532,2.585,3.924
2022-08-26,3.562192710565264,5.1755123807559,3.143,4.601
2022-08-27,3.1181881304916104,5.147589856181449,3.64,5.136
2022-08-28,3.175463422100694,5.376622121545773,4.082,5.55
2022-08-29,3.1811352416023118,5.018878728110459,3.27,4.381
2022-08-30,3.491434778301002,6.794015517069153,3.324,4.385
2022-08-31,3.4625100166769025,7.93365943208511,3.354,4.355
2022-09-01,3.1880246856414196,5.899543938442323,3.422,4.371
2022-09-02,1.8246903813550681,3.5659943103060794,2.963,3.721
2022-09-03,1.7655970863397965,3.571624719105761,2.513,3.101
2022-09-04,1.050947094207831,,2.497,3.023
2022-09-05,1.029727294699541,1.7453713684465564,2.128,2.528
2022-09-06,2.294302858473931,3.167349213938104,2.444,2.845
2022-09-07,2.631489515205496,3.609718758530106,2.818,3.214
2022-09-08,2.9695491310612256,4.366208934538012,2.778,3.099
2022-09-09,3.0180151643967505,4.318774364827747,2.616,2.853
2022-09-10,2.692122156538858,3.4543696886012847,2.716,2.892
2022-09-11,0.6549628509539905,,1.023,1.062
2022-09-12,0.9056154066982441,3.0853175669151485,1.706,1.726
2022-09-13,2.4296662170621275,4.126393738305187,2.436,2.397
2022-09-14,2.7971177960039437,3.46060734256713,2.16,2.065
2022-09-15,2.575279478994786,3.130447957282757,2.44,2.261
2022-09-16,2.6771397748312586,3.62987376154041,2.712,2.433
2022-09-17,2.4427889928342306,3.385153606658618,2.917,2.528
2022-09-18,2.463861065750898,2.4319990278317025,2.763,2.309
2022-09-19,1.2394856281014563,,2.04,1.64
2022-09-20,2.855173070182262,3.726221250100224,2.98,2.298
2022-09-21,1.2581488815617008,3.3845824049618938,2.546,1.878
2022-09-22,2.095643884025742,3.066195997524351,2.066,1.453
2022-09-23,0.9730287835730953,2.1056542977568897,1.323,0.883
2022-09-24,2.7533991842726304,3.0114219123544794,2.338,1.476
2022-09-25,1.9328999260913118,3.013103601539244,2.146,1.274
2022-09-26,1.9093174352291051,2.766762380876504,2.116,1.176
2022-09-27,1.997232120615315,2.0655080982333547,2.035,1.05
2022-09-28,1.133198809215325,0.8915047166449847,1.543,0.734
2022-09-29,1.9459779069373044,1.5654596693263707,1.622,0.704
2022-09-30,1.893811094985681,1.5386925054233132,1.915,0.718
2022-10-01,1.853549456665755,1.4826842851895985,2.284,0.727
2022-10-02,1.7794562527000592,1.1949309308105949,2.1,0.555
2022-10-03,1.7001384649008582,1.5299066010194158,2.093,0.443
2022-10-04,1.9175802690615291,1.45019102693011,1.78,0.288
2022-10-05,2.0541176591800405,1.046178087558029,2.097,0.237
2022-10-06,2.0025575170291634,2.078807858904146,2.144,0.143
2022-10-07,1.1858169768054396,0.8290688374234196,1.395,0.03
2022-10-08,1.5154756095298085,0.9200755305383882,1.57,0.096
2022-10-09,1.7141072118901137,0.9098220537194884,2.405,0.244
2022-10-10,1.5901040471163979,0.9220206779658392,2.515,0.357
2022-10-11,0.07376227604162902,1.217129089220742,1.908,0.349
2022-10-12,0.38637270370855165,,1.179,0.264
2022-10-13,1.0592731693596098,,2.001,0.532
2022-10-14,1.3348297949616452,1.7367347247924787,2.303,0.709
2022-10-15,1.2953793753335823,1.6484075954078137,1.348,0.472
2022-10-16,1.1674960717263758,,1.675,0.595
2022-10-17,0.8441292397094171,0.6799158256165022,1.25,0.45
2022-10-18,0.9995543622813693,,1.279,0.469
2022-10-19,0.9514873328947233,0.7678119028485341,1.2,0.45
2022-10-20,1.2931897726349577,0.7337680768380122,1.521,0.584
2022-10-21,1.0034488000155661,0.9054867854667789,1.64,0.65
2022-10-22,0.8447835625757768,0.496247785493077,1.392,0.574
2022-10-23,0.7961293644817244,0.6875389862629054,1.282,0.556
2022-10-24,0.35912272031415643,0.7818208870700473,1.131,0.471
2022-10-25,0.0102481674262314,,0.125,0.05
2022-10-26,1.29742236084563,2.59749972328226,0.508,0.195
2022-10-27,0.9934550182239179,1.6330288435697844,0.519,0.191
2022-10-28,0.97118735294603,1.8772319348723785,0.576,0.204
2022-10-29,1.0156979144891634,0.8043851915769166,0.611,0.207
2022-10-30,0.3408522654120507,,0.378,0.123
2022-10-31,0.09073590857327159,,0.16,0.05
2022-11-01,1.2341578958354202,,0.669,0.2
2022-11-02,0.931970026231342,1.4066882208275946,0.826,0.236
2022-11-03,0.8028573209818223,1.8325229740745657,0.923,0.252
2022-11-04,0.5281910619802864,1.880324953577596,1.334,0.348
2022-11-05,0.21027692083739505,,0.492,0.122
2022-11-06,0.9006565077512059,1.729581288270596,0.717,0.17
2022-11-07,0.8293568536094815,1.9054869794268416,0.852,0.193
2022-11-08,0.8795138753022661,1.4927154213513467,0.896,0.193
2022-11-09,1.008168690573158,0.8339971028773934,1.111,0.285
2022-11-10,0.6949955286581362,1.3254220262673266,0.884,0.264
2022-11-11,0.5025464850063528,,0.285,0.097
2022-11-12,0.32415265191273107,,0.347,0.133
2022-11-13,0.44633251459607526,0.4759382469058237,0.345,0.147
2022-11-14,0.7554841905968885,0.7744424940387112,0.406,0.191
2022-11-15,0.20663737636274435,0.1107028910224215,0.249,0.128
2022-11-16,0.3224459444190095,1.0128295225450152,0.248,0.138
2022-11-17,0.7929476810408901,,0.397,0.239
2022-11-18,0.10382219207173664,,0.369,0.239
2022-11-19,0.17774515265763147,,0.491,0.339
2022-11-20,0.38538882089637655,,0.454,0.334
2022-11-21,0.5074581955177482,,0.73,0.571
2022-11-22,0.5864254934128877,0.3961109007418024,0.606,0.502
2022-11-23,0.47408063478909307,0.2344331983007271,0.604,0.528
2022-11-24,0.028905593504527708,0.1895187478639395,0.331,0.305
2022-11-25,0.3470796120577399,,0.299,0.29
2022-11-26,0.6238751050905383,0.6516110441963922,0.418,0.424
2022-11-27,0.17905329492101946,,0.208,0.221
2022-11-28,0.02850801706186633,0.4974581293314478,0.237,0.263
2022-11-29,0.010848734659594952,,0.295,0.342
2022-11-30,0.38263462284927785,,0.352,0.426
2022-12-01,0.4298492066391835,1.0846966458284946,0.328,0.414
2022-12-02,0.6511160494177942,,0.491,0.643
2022-12-03,0.2450396377049769,,0.19,0.258
2022-12-04,0.28531313531662544,0.7307525835082516,0.378,0.534
2022-12-05,0.25429556949593873,0.0588342494547552,0.269,0.394
2022-12-06,0.3014210933593984,,0.161,0.243
2022-12-07,0.2452281351165119,,0.187,0.293
2022-12-08,0.31183555832549137,0.5126568371105609,0.319,0.516
2022-12-09,0.19730242287078512,,0.212,0.354
2022-12-10,0.17856764900940933,,0.158,0.273
2022-12-11,0.16216594020244018,0.5783971344076304,0.131,0.233
2022-12-12,0.06650230917900503,0.615325818650176,0.235,0.431
2022-12-13,0.11740334716990852,,0.338,0.638
2022-12-14,0.09997644360400172,,0.052,0.101
2022-12-15,0.055453192488285154,,0.284,0.567
2022-12-16,0.26123196584389297,,0.308,0.633
2022-12-17,0.023400925383105484,,0.205,0.432
2022-12-18,0.23700791562756873,,0.229,0.497
2022-12-19,0.24328287476134838,,0.154,0.33
2022-12-20,0.4657787919985368,,0.207,0.439
2022-12-21,0.20284871479490912,,0.212,0.445
2022-12-22,0.14524886977351653,,0.105,0.218
2022-12-23,-0.08706118482190194,,0.159,0.326
2022-12-24,-0.312898911955976,,0.267,0.542
2022-12-25,-0.22492250965255584,,0.269,0.54
2022-12-26,0.040402099847034384,,0.081,0.161
2022-12-27,-0.1991716018600741,,0.137,0.268
2022-12-28,0.10708869674472087,,0.579,1.123
2022-12-29,0.1122273793842824,,0.5,0.96
2022-12-30,-0.19384452231405147,,0.056,0.106
2022-12-31,0.4138007592225733,0.5811391657348414,0.141,0.265
