File Name,Dataset,aid,Date,Orbit Number,Scene ID,Build ID,Orbit Correction Performed,Count,Minimum,Maximum,Range,Mean,Standard Deviation,Variance,Upper Quartile,Upper 1.5 IQR,Median,Lower 1.5 IQR,Lower Quartile
ECO3ETPTJPL_001_EVAPOTRANSPIRATION_PT_JPL_ETdaily_doy2020159174839_aid0001,EVAPOTRANSPIRATION_PT_JPL_ETdaily,aid0001,2020-06-07 17:48:39 UTC,10898,006,0601,True,709472.0,116.6685791,340.3513489,"(116.6685791,340.3513489)",238.0503998,24.4879475,599.659571,255.7439575,306.3727417,240.2501068,170.9224548,221.8143616
ECO3ETPTJPL_001_EVAPOTRANSPIRATION_PT_JPL_ETdaily_doy2020160001753_aid0001,EVAPOTRANSPIRATION_PT_JPL_ETdaily,aid0001,2020-06-08 00:17:53 UTC,10902,009,0601,True,675899.0,193.1033325,455.4908752,"(193.1033325,455.4908752)",334.5986633,30.9714851,959.2328916,356.9406128,418.7773743,336.9627075,253.7758942,315.673584
ECO3ETPTJPL_001_EVAPOTRANSPIRATION_PT_JPL_ETdaily_doy2020160001845_aid0001,EVAPOTRANSPIRATION_PT_JPL_ETdaily,aid0001,2020-06-08 00:18:45 UTC,10902,010,0601,True,49577.0,209.3872833,443.3605957,"(209.3872833,443.3605957)",344.3113403,35.4433174,1256.2287493,370.0005798,439.7175598,346.3049316,252.2902832,322.8883667
ECO3ETPTJPL_001_EVAPOTRANSPIRATION_PT_JPL_ETdaily_doy2020163224317_aid0001,EVAPOTRANSPIRATION_PT_JPL_ETdaily,aid0001,2020-06-11 22:43:17 UTC,10963,009,0601,True,393903.0,27.8329754,222.5966034,"(27.8329754,222.5966034)",129.51474,23.9227886,572.2998154,145.1202011,187.8361359,130.9979553,73.9118423,116.6366577
ECO3ETPTJPL_001_EVAPOTRANSPIRATION_PT_JPL_ETdaily_doy2020166152638_aid0001,EVAPOTRANSPIRATION_PT_JPL_ETdaily,aid0001,2020-06-14 15:26:38 UTC,11005,007,0601,True,478153.0,48.8387604,273.8401489,"(48.8387604,273.8401489)",159.8064117,26.2288876,687.9545425,175.0662231,214.2724762,164.0087891,109.7187576,148.9271088
ECO3ETPTJPL_001_EVAPOTRANSPIRATION_PT_JPL_ETdaily_doy2020170135229_aid0001,EVAPOTRANSPIRATION_PT_JPL_ETdaily,aid0001,2020-06-18 13:52:29 UTC,11066,008,0601,True,662825.0,64.8731079,406.125,"(64.8731079,406.125)",259.590271,41.0146523,1682.2016994,287.412384,364.1853638,261.6810303,159.447403,236.2245026
ECO3ETPTJPL_001_EVAPOTRANSPIRATION_PT_JPL_ETdaily_doy2020171193357_aid0001,EVAPOTRANSPIRATION_PT_JPL_ETdaily,aid0001,2020-06-19 19:33:57 UTC,11085,008,0601,True,216725.0,55.0201912,392.1304321,"(55.0201912,392.1304321)",195.0710754,54.4544563,2965.2878141,226.5262299,332.3924866,191.3239441,55.0201912,155.9486847
ECO3ETPTJPL_001_EVAPOTRANSPIRATION_PT_JPL_ETdaily_doy2020171193449_aid0001,EVAPOTRANSPIRATION_PT_JPL_ETdaily,aid0001,2020-06-19 19:34:49 UTC,11085,009,0601,True,67.0,201.7733307,209.6751099,"(201.7733307,209.6751099)",205.5899811,2.2654026,5.1320487,207.3346863,209.6751099,204.9674377,201.7733307,204.1855927
ECO3ETPTJPL_001_EVAPOTRANSPIRATION_PT_JPL_ETdaily_doy2020187131552_aid0001,EVAPOTRANSPIRATION_PT_JPL_ETdaily,aid0001,2020-07-05 13:15:52 UTC,11329,010,0601,True,710618.0,157.1008911,389.9561462,"(157.1008911,389.9561462)",359.0439453,18.3435078,336.4842772,367.3514023,382.9938965,362.894104,341.2662354,356.9173355
ECO3ETPTJPL_001_EVAPOTRANSPIRATION_PT_JPL_ETdaily_doy2020191114155_aid0001,EVAPOTRANSPIRATION_PT_JPL_ETdaily,aid0001,2020-07-09 11:41:55 UTC,11390,009,0601,True,247236.0,328.1812439,637.951355,"(328.1812439,637.951355)",474.3052979,43.295536,1874.5034411,503.5355759,586.1400146,474.5411987,365.8602295,448.4621506
ECO3ETPTJPL_001_EVAPOTRANSPIRATION_PT_JPL_ETdaily_doy2020194105556_aid0001,EVAPOTRANSPIRATION_PT_JPL_ETdaily,aid0001,2020-07-12 10:55:56 UTC,11436,012,0601,True,35173.0,1048.7244873,1350.6551514,"(1048.7244873,1350.6551514)",1141.8369141,30.5231762,931.6642849,1160.2005615,1218.9055176,1140.1793213,1061.9855957,1120.8657227
ECO3ETPTJPL_001_EVAPOTRANSPIRATION_PT_JPL_ETdaily_doy2020217185909_aid0001,EVAPOTRANSPIRATION_PT_JPL_ETdaily,aid0001,2020-08-04 18:59:09 UTC,11798,006,0601,True,213229.0,53.2628098,214.8557434,"(53.2628098,214.8557434)",89.8554306,29.126606,848.3591764,96.4636688,132.1660767,81.0455322,53.2628098,72.6582031
ECO3ETPTJPL_001_EVAPOTRANSPIRATION_PT_JPL_ETdaily_doy2020219004120_aid0001,EVAPOTRANSPIRATION_PT_JPL_ETdaily,aid0001,2020-08-06 00:41:20 UTC,11817,013,0601,True,167910.0,372.0582886,1999.9864502,"(372.0582886,1999.9864502)",1252.520752,385.1383972,148331.5850107,1595.2200928,1999.9864502,1205.0603027,372.0582886,927.9880219
ECO3ETPTJPL_001_EVAPOTRANSPIRATION_PT_JPL_ETdaily_doy2020221172534_aid0001,EVAPOTRANSPIRATION_PT_JPL_ETdaily,aid0001,2020-08-08 17:25:34 UTC,11859,008,0601,True,609250.0,81.9420013,397.7485657,"(81.9420013,397.7485657)",217.9005432,46.266964,2140.631954,246.2025909,335.3392029,215.6904144,97.6417389,186.7780533
ECO3ETPTJPL_001_EVAPOTRANSPIRATION_PT_JPL_ETdaily_doy2020222230731_aid0001,EVAPOTRANSPIRATION_PT_JPL_ETdaily,aid0001,2020-08-09 23:07:31 UTC,11878,007,0601,True,191536.0,164.5320282,426.6630554,"(164.5320282,426.6630554)",265.2879028,45.9273453,2109.3210441,302.2760315,412.3900757,260.489563,164.5320282,228.7500954
ECO3ETPTJPL_001_EVAPOTRANSPIRATION_PT_JPL_ETdaily_doy2020225222129_aid0001,EVAPOTRANSPIRATION_PT_JPL_ETdaily,aid0001,2020-08-12 22:21:29 UTC,11924,007,0601,True,708087.0,13.9912195,335.0795898,"(13.9912195,335.0795898)",76.3679352,39.5224533,1562.0243155,96.6153297,170.6045227,62.4112892,13.9912195,47.2891617
ECO3ETPTJPL_001_EVAPOTRANSPIRATION_PT_JPL_ETdaily_doy2020226213354_aid0001,EVAPOTRANSPIRATION_PT_JPL_ETdaily,aid0001,2020-08-13 21:33:54 UTC,11939,007,0601,True,20256.0,61.930378,326.0567932,"(61.930378,326.0567932)",204.8151703,53.4758911,2859.6709304,241.766777,326.0567932,219.1425476,98.1333084,184.3100662
ECO3ETPTJPL_001_EVAPOTRANSPIRATION_PT_JPL_ETdaily_doy2020229141811_aid0001,EVAPOTRANSPIRATION_PT_JPL_ETdaily,aid0001,2020-08-16 14:18:11 UTC,11981,007,0601,True,676429.0,83.7631683,320.8065491,"(83.7631683,320.8065491)",194.941864,40.4814987,1638.7517385,227.2086639,320.8065491,191.6626129,83.7631683,163.1476135
ECO3ETPTJPL_001_EVAPOTRANSPIRATION_PT_JPL_ETdaily_doy2020229204750_aid0001,EVAPOTRANSPIRATION_PT_JPL_ETdaily,aid0001,2020-08-16 20:47:50 UTC,11985,007,0601,True,710028.0,24.638319,264.2852783,"(24.638319,264.2852783)",81.6636505,32.7164154,1070.363837,93.8728008,145.0835571,70.8901367,24.638319,59.7320633
ECO3ETPTJPL_001_EVAPOTRANSPIRATION_PT_JPL_ETdaily_doy2020230200021_aid0001,EVAPOTRANSPIRATION_PT_JPL_ETdaily,aid0001,2020-08-17 20:00:21 UTC,12000,008,0601,True,191834.0,94.6370316,310.0223389,"(94.6370316,310.0223389)",207.1588287,48.4548416,2347.8716758,254.4626198,310.0223389,211.114502,94.6370316,165.5836792
ECO3ETPTJPL_001_EVAPOTRANSPIRATION_PT_JPL_ETdaily_doy2020234182646_aid0001,EVAPOTRANSPIRATION_PT_JPL_ETdaily,aid0001,2020-08-21 18:26:46 UTC,12061,006,0601,True,604510.0,25.1332893,251.1898346,"(25.1332893,251.1898346)",71.5121231,32.3476105,1046.3679034,80.0567799,124.0719833,58.100647,25.1332893,50.7131462
ECO3ETPTJPL_001_EVAPOTRANSPIRATION_PT_JPL_ETdaily_doy2020237174035_aid0001,EVAPOTRANSPIRATION_PT_JPL_ETdaily,aid0001,2020-08-24 17:40:35 UTC,12107,006,0601,True,709636.0,101.2597122,353.3700256,"(101.2597122,353.3700256)",197.4510193,36.0670547,1300.8324382,225.3768578,307.0838928,197.8264465,101.2597122,170.7133713
ECO3ETPTJPL_001_EVAPOTRANSPIRATION_PT_JPL_ETdaily_doy2020241160652_aid0001,EVAPOTRANSPIRATION_PT_JPL_ETdaily,aid0001,2020-08-28 16:06:52 UTC,12168,007,0601,True,181049.0,210.890213,432.9511108,"(210.890213,432.9511108)",338.7993469,51.5786209,2660.354135,383.202301,432.9511108,357.7487793,210.890213,301.3540955
ECO3ETPTJPL_001_EVAPOTRANSPIRATION_PT_JPL_ETdaily_doy2020268224424_aid0001,EVAPOTRANSPIRATION_PT_JPL_ETdaily,aid0001,2020-09-24 22:44:24 UTC,12591,007,0601,True,553240.0,49.99543,244.1330719,"(49.99543,244.1330719)",129.9386139,36.1158752,1304.3564447,154.8178635,234.7119904,122.7006302,49.99543,101.5023174
ECO3ETPTJPL_001_EVAPOTRANSPIRATION_PT_JPL_ETdaily_doy2020268224516_aid0001,EVAPOTRANSPIRATION_PT_JPL_ETdaily,aid0001,2020-09-24 22:45:16 UTC,12591,008,0601,True,141647.0,56.6123619,262.8156738,"(56.6123619,262.8156738)",124.4530945,25.076664,628.8390759,140.4771576,191.6324615,122.7221909,56.6123619,106.3597794
ECO3ETPTJPL_001_EVAPOTRANSPIRATION_PT_JPL_ETdaily_doy2020280180812_aid0001,EVAPOTRANSPIRATION_PT_JPL_ETdaily,aid0001,2020-10-06 18:08:12 UTC,12774,009,0601,True,545344.0,48.9269638,223.4369202,"(48.9269638,223.4369202)",129.4703674,24.888567,619.4407659,149.0802956,204.01651,128.5747833,57.0602837,112.2703037
ECO3ETPTJPL_001_EVAPOTRANSPIRATION_PT_JPL_ETdaily_doy2020281172102_aid0001,EVAPOTRANSPIRATION_PT_JPL_ETdaily,aid0001,2020-10-07 17:21:02 UTC,12789,008,0601,True,23241.0,109.3698349,220.0062714,"(109.3698349,220.0062714)",155.5127411,12.0547409,145.3167783,164.244751,188.0636749,157.1098175,124.2662811,148.2413635
ECO3ETPTJPL_001_EVAPOTRANSPIRATION_PT_JPL_ETdaily_doy2020284230436_aid0001,EVAPOTRANSPIRATION_PT_JPL_ETdaily,aid0001,2020-10-10 23:04:36 UTC,12839,009,0601,True,321596.0,99.3389816,682.4243774,"(99.3389816,682.4243774)",392.2254028,101.8154907,10366.3941511,462.5942078,670.0164795,385.2178802,112.8481979,322.6819458
ECO3ETPTJPL_001_EVAPOTRANSPIRATION_PT_JPL_ETdaily_doy2020285221616_aid0001,EVAPOTRANSPIRATION_PT_JPL_ETdaily,aid0001,2020-10-11 22:16:16 UTC,12854,006,0601,True,666615.0,75.0381393,333.445343,"(75.0381393,333.445343)",200.720993,39.100193,1528.8250945,231.4428406,319.7219238,199.5166016,84.2558212,172.5645752
ECO3ETPTJPL_001_EVAPOTRANSPIRATION_PT_JPL_ETdaily_doy2020296182124_aid0001,EVAPOTRANSPIRATION_PT_JPL_ETdaily,aid0001,2020-10-22 18:21:24 UTC,13022,007,0601,True,644964.0,41.0269012,198.3708191,"(41.0269012,198.3708191)",119.5400925,21.5230122,463.2400525,135.2318306,181.0431061,122.3384705,58.8808136,104.6881027
ECO3ETPTJPL_001_EVAPOTRANSPIRATION_PT_JPL_ETdaily_doy2020296182216_aid0001,EVAPOTRANSPIRATION_PT_JPL_ETdaily,aid0001,2020-10-22 18:22:16 UTC,13022,008,0601,True,21723.0,65.939209,167.214035,"(65.939209,167.214035)",124.1940308,14.9205418,222.6225665,135.513382,167.214035,125.8766937,81.9549332,114.070118
ECO3ETPTJPL_001_EVAPOTRANSPIRATION_PT_JPL_ETdaily_doy2020309125046_aid0001,EVAPOTRANSPIRATION_PT_JPL_ETdaily,aid0001,2020-11-04 12:50:46 UTC,13220,006,0601,True,530.0,1384.3024902,1999.6463623,"(1384.3024902,1999.6463623)",1821.7419434,140.9177551,19857.81371,1936.0652466,1999.6463623,1862.0114136,1424.3930664,1729.2633057
ECO3ETPTJPL_001_EVAPOTRANSPIRATION_PT_JPL_ETdaily_doy2020339184021_aid0001,EVAPOTRANSPIRATION_PT_JPL_ETdaily,aid0001,2020-12-04 18:40:21 UTC,13689,008,0601,True,59186.0,67.8902283,131.02005,"(67.8902283,131.02005)",95.0114059,5.9548559,35.460309,97.6537018,106.6405029,93.5993042,83.0388565,91.6616879
ECO3ETPTJPL_001_EVAPOTRANSPIRATION_PT_JPL_ETdaily_doy2020356180737_aid0001,EVAPOTRANSPIRATION_PT_JPL_ETdaily,aid0001,2020-12-21 18:07:37 UTC,13952,005,0601,True,17688.0,53.090538,122.0859528,"(53.090538,122.0859528)",80.6835403,12.9109535,166.6927208,91.8911133,122.0859528,82.1480103,53.090538,69.4932041
ECO3ETPTJPL_001_EVAPOTRANSPIRATION_PT_JPL_ETdaily_doy2021083230851_aid0001,EVAPOTRANSPIRATION_PT_JPL_ETdaily,aid0001,2021-03-24 23:08:51 UTC,15398,008,0601,True,38670.0,262.5714111,398.4497986,"(262.5714111,398.4497986)",337.0353394,14.0364494,197.0219127,344.3417358,364.09021,338.7073364,311.5911865,331.1445084
ECO3ETPTJPL_001_EVAPOTRANSPIRATION_PT_JPL_ETdaily_doy2021091200257_aid0001,EVAPOTRANSPIRATION_PT_JPL_ETdaily,aid0001,2021-04-01 20:02:57 UTC,15520,008,0601,True,704736.0,21.1802979,175.4440155,"(21.1802979,175.4440155)",101.3616638,13.5924606,184.754986,107.0300293,127.0129852,97.5243988,73.7257462,93.708046
ECO3ETPTJPL_001_EVAPOTRANSPIRATION_PT_JPL_ETdaily_doy2021095183042_aid0001,EVAPOTRANSPIRATION_PT_JPL_ETdaily,aid0001,2021-04-05 18:30:42 UTC,15581,008,0601,True,543907.0,39.569828,217.5398254,"(39.569828,217.5398254)",131.3667603,18.1141376,328.1219828,142.6372375,175.4578857,131.2476654,87.9358215,120.7563705
ECO3ETPTJPL_001_EVAPOTRANSPIRATION_PT_JPL_ETdaily_doy2021099165805_aid0001,EVAPOTRANSPIRATION_PT_JPL_ETdaily,aid0001,2021-04-09 16:58:05 UTC,15643,008,0601,True,662005.0,47.7785149,228.3799744,"(47.7785149,228.3799744)",161.0846252,18.5823822,345.3049283,174.1611328,209.2204742,162.5870819,115.628891,150.7478638
ECO3ETPTJPL_001_EVAPOTRANSPIRATION_PT_JPL_ETdaily_doy2021103152535_aid0001,EVAPOTRANSPIRATION_PT_JPL_ETdaily,aid0001,2021-04-13 15:25:35 UTC,15704,008,0601,True,700149.0,42.3892708,241.5465393,"(42.3892708,241.5465393)",174.8625946,21.2777233,452.7415094,188.9193878,223.8734894,178.5161438,130.6258545,165.601181
ECO3ETPTJPL_001_EVAPOTRANSPIRATION_PT_JPL_ETdaily_doy2021103215519_aid0001,EVAPOTRANSPIRATION_PT_JPL_ETdaily,aid0001,2021-04-13 21:55:19 UTC,15708,008,0601,True,675178.0,23.1296463,235.9129639,"(23.1296463,235.9129639)",120.5457611,20.7103882,428.9201787,133.9423752,171.0811462,122.5568886,72.0447083,109.1829681
ECO3ETPTJPL_001_EVAPOTRANSPIRATION_PT_JPL_ETdaily_doy2021104143753_aid0001,EVAPOTRANSPIRATION_PT_JPL_ETdaily,aid0001,2021-04-14 14:37:53 UTC,15719,007,0601,True,1470.0,172.3487549,203.7387238,"(172.3487549,203.7387238)",185.3384705,5.567235,30.9941055,189.4600372,199.1976624,185.9052887,172.3487549,180.9408073
ECO3ETPTJPL_001_EVAPOTRANSPIRATION_PT_JPL_ETdaily_doy2021104210801_aid0001,EVAPOTRANSPIRATION_PT_JPL_ETdaily,aid0001,2021-04-14 21:08:01 UTC,15723,008,0601,True,558661.0,23.2171078,205.2329407,"(23.2171078,205.2329407)",106.374649,18.4808216,341.5407674,117.734436,149.7085419,107.951561,64.4442139,96.4175949
ECO3ETPTJPL_001_EVAPOTRANSPIRATION_PT_JPL_ETdaily_doy2021108130518_aid0001,EVAPOTRANSPIRATION_PT_JPL_ETdaily,aid0001,2021-04-18 13:05:18 UTC,15780,007,0601,True,27902.0,109.391098,308.0340576,"(109.391098,308.0340576)",206.6938171,36.3300438,1319.872082,230.1849213,308.0340576,215.4310989,109.391098,177.6482277
ECO3ETPTJPL_001_EVAPOTRANSPIRATION_PT_JPL_ETdaily_doy2021108130610_aid0001,EVAPOTRANSPIRATION_PT_JPL_ETdaily,aid0001,2021-04-18 13:06:10 UTC,15780,008,0601,True,251.0,114.4633102,255.0568542,"(114.4633102,255.0568542)",166.7190704,29.2213001,853.884381,183.378952,237.5809021,160.7471924,114.4633102,145.5772476
ECO3ETPTJPL_001_EVAPOTRANSPIRATION_PT_JPL_ETdaily_doy2021112180242_aid0001,EVAPOTRANSPIRATION_PT_JPL_ETdaily,aid0001,2021-04-22 18:02:42 UTC,15845,007,0601,True,10085.0,110.8398743,207.9278107,"(110.8398743,207.9278107)",163.9614716,12.8692198,165.6168177,174.4104156,201.8710632,162.9443207,133.3351135,155.3028717
ECO3ETPTJPL_001_EVAPOTRANSPIRATION_PT_JPL_ETdaily_doy2021115171745_aid0001,EVAPOTRANSPIRATION_PT_JPL_ETdaily,aid0001,2021-04-25 17:17:45 UTC,15891,007,0601,True,195093.0,63.1727104,248.8519135,"(63.1727104,248.8519135)",172.3529205,17.1244602,293.2471378,181.9481659,207.5496521,175.2672272,139.2875214,164.8792572
ECO3ETPTJPL_001_EVAPOTRANSPIRATION_PT_JPL_ETdaily_doy2021116163007_aid0001,EVAPOTRANSPIRATION_PT_JPL_ETdaily,aid0001,2021-04-26 16:30:07 UTC,15906,008,0601,True,709467.0,50.6402588,286.0005188,"(50.6402588,286.0005188)",191.4304962,27.2082634,740.2895971,209.3754044,252.1956787,195.3805237,137.9735565,180.8132172
ECO3ETPTJPL_001_EVAPOTRANSPIRATION_PT_JPL_ETdaily_doy2021120145739_aid0001,EVAPOTRANSPIRATION_PT_JPL_ETdaily,aid0001,2021-04-30 14:57:39 UTC,15967,008,0601,True,227453.0,99.655899,257.1543274,"(99.655899,257.1543274)",197.633667,16.7362785,280.1030192,209.9867859,246.8414612,191.983963,148.4446411,185.3669434
ECO3ETPTJPL_001_EVAPOTRANSPIRATION_PT_JPL_ETdaily_doy2021142235747_aid0001,EVAPOTRANSPIRATION_PT_JPL_ETdaily,aid0001,2021-05-22 23:57:47 UTC,16316,008,0601,True,328184.0,229.0191803,554.4849854,"(229.0191803,554.4849854)",354.0276184,38.3403664,1469.9836929,376.2218094,446.3867188,351.2245789,259.2738342,329.440979
ECO3ETPTJPL_001_EVAPOTRANSPIRATION_PT_JPL_ETdaily_doy2021143231028_aid0001,EVAPOTRANSPIRATION_PT_JPL_ETdaily,aid0001,2021-05-23 23:10:28 UTC,16331,007,0601,True,3896.0,248.2457275,398.0266724,"(248.2457275,398.0266724)",306.8672485,28.6297245,819.6611251,334.3525543,398.0266724,292.7918091,248.2457275,286.6085663
ECO3ETPTJPL_001_EVAPOTRANSPIRATION_PT_JPL_ETdaily_doy2021146222455_aid0001,EVAPOTRANSPIRATION_PT_JPL_ETdaily,aid0001,2021-05-26 22:24:55 UTC,16377,009,0601,True,535032.0,163.6667633,342.7094421,"(163.6667633,342.7094421)",238.5080109,28.1688366,793.483355,256.2374573,295.5694275,242.1268692,190.6727753,230.0115204
ECO3ETPTJPL_001_EVAPOTRANSPIRATION_PT_JPL_ETdaily_doy2021150205224_aid0001,EVAPOTRANSPIRATION_PT_JPL_ETdaily,aid0001,2021-05-30 20:52:24 UTC,16438,008,0601,True,704959.0,17.0076427,204.3074951,"(17.0076427,204.3074951)",104.189415,24.7617989,613.1466827,119.507309,166.9975128,101.973526,40.3532372,87.8450356
ECO3ETPTJPL_001_EVAPOTRANSPIRATION_PT_JPL_ETdaily_doy2021159232846_aid0001,EVAPOTRANSPIRATION_PT_JPL_ETdaily,aid0001,2021-06-08 23:28:46 UTC,16580,007,0601,True,140876.0,186.2918243,462.162384,"(186.2918243,462.162384)",263.7938232,29.5060844,870.6090191,275.8999329,321.3768616,258.9352112,200.1582794,245.5768929
ECO3ETPTJPL_001_EVAPOTRANSPIRATION_PT_JPL_ETdaily_doy2021159232938_aid0001,EVAPOTRANSPIRATION_PT_JPL_ETdaily,aid0001,2021-06-08 23:29:38 UTC,16580,008,0601,True,8904.0,202.6451569,345.276886,"(202.6451569,345.276886)",267.2646179,28.4106617,807.1656981,295.2394562,345.276886,265.8756256,202.6451569,244.9133682
ECO3ETPTJPL_001_EVAPOTRANSPIRATION_PT_JPL_ETdaily_doy2021162161350_aid0001,EVAPOTRANSPIRATION_PT_JPL_ETdaily,aid0001,2021-06-11 16:13:50 UTC,16622,010,0601,True,156012.0,100.6879349,409.2138367,"(100.6879349,409.2138367)",279.1187744,39.3529091,1548.6514537,303.3533554,365.356842,285.2072601,199.9903107,262.0025787
ECO3ETPTJPL_001_EVAPOTRANSPIRATION_PT_JPL_ETdaily_doy2021163152636_aid0001,EVAPOTRANSPIRATION_PT_JPL_ETdaily,aid0001,2021-06-12 15:26:36 UTC,16637,010,0601,True,544488.0,134.5628204,453.9848022,"(134.5628204,453.9848022)",272.1833801,36.4520912,1328.7549541,295.221077,365.4681396,272.7229309,178.1342773,248.3843384
ECO3ETPTJPL_001_EVAPOTRANSPIRATION_PT_JPL_ETdaily_doy2021163215554_aid0001,EVAPOTRANSPIRATION_PT_JPL_ETdaily,aid0001,2021-06-12 21:55:54 UTC,16641,007,0601,True,49521.0,93.9663162,242.035965,"(93.9663162,242.035965)",170.1861877,28.5709019,816.2964337,194.7844238,242.035965,168.6285858,93.9663162,150.1074066
ECO3ETPTJPL_001_EVAPOTRANSPIRATION_PT_JPL_ETdaily_doy2021163215646_aid0001,EVAPOTRANSPIRATION_PT_JPL_ETdaily,aid0001,2021-06-12 21:56:46 UTC,16641,008,0601,True,84132.0,78.0710983,259.1413269,"(78.0710983,259.1413269)",179.5256348,33.0124092,1089.8191619,203.4113426,259.1413269,186.4960938,94.9123764,160.0020409
ECO3ETPTJPL_001_EVAPOTRANSPIRATION_PT_JPL_ETdaily_doy2021166144038_aid0001,EVAPOTRANSPIRATION_PT_JPL_ETdaily,aid0001,2021-06-15 14:40:38 UTC,16684,009,0601,True,669209.0,85.3795395,378.5046082,"(85.3795395,378.5046082)",289.1698608,57.2860756,3281.6944567,325.3830566,378.5046082,316.6386108,191.2742462,271.7384033
ECO3ETPTJPL_001_EVAPOTRANSPIRATION_PT_JPL_ETdaily_doy2021167202300_aid0001,EVAPOTRANSPIRATION_PT_JPL_ETdaily,aid0001,2021-06-16 20:23:00 UTC,16703,007,0601,True,537323.0,16.6141453,287.2139282,"(16.6141453,287.2139282)",95.218895,29.3461494,861.1964872,114.155632,174.6033478,95.4469299,16.6141453,73.8501663
ECO3ETPTJPL_001_EVAPOTRANSPIRATION_PT_JPL_ETdaily_doy2021167202352_aid0001,EVAPOTRANSPIRATION_PT_JPL_ETdaily,aid0001,2021-06-16 20:23:52 UTC,16703,008,0601,True,204264.0,19.7139378,189.7901154,"(19.7139378,189.7901154)",82.1918335,27.4475422,753.3675723,100.9299698,161.8152771,79.2313461,19.7139378,60.3029442
ECO3ETPTJPL_001_EVAPOTRANSPIRATION_PT_JPL_ETdaily_doy2021175104752_aid0001,EVAPOTRANSPIRATION_PT_JPL_ETdaily,aid0001,2021-06-24 10:47:52 UTC,16821,008,0601,True,476725.0,295.8651733,1133.1264648,"(295.8651733,1133.1264648)",580.2087402,136.5732574,18652.2546495,687.8401489,1009.5914917,578.1868286,295.8651733,471.25177
ECO3ETPTJPL_001_EVAPOTRANSPIRATION_PT_JPL_ETdaily_doy2021183141310_aid0001,EVAPOTRANSPIRATION_PT_JPL_ETdaily,aid0001,2021-07-02 14:13:10 UTC,16947,007,0601,True,261918.0,209.0465851,396.7096252,"(209.0465851,396.7096252)",327.7229309,27.5472755,758.8523899,346.5164261,392.4501038,337.0046234,269.8934631,315.8670425
ECO3ETPTJPL_001_EVAPOTRANSPIRATION_PT_JPL_ETdaily_doy2021183141402_aid0001,EVAPOTRANSPIRATION_PT_JPL_ETdaily,aid0001,2021-07-02 14:14:02 UTC,16947,008,0601,True,384717.0,112.0944443,408.9327393,"(112.0944443,408.9327393)",313.3136597,54.2517128,2943.2483416,346.5660706,406.0096741,334.5038452,247.3957367,306.897583
ECO3ETPTJPL_001_EVAPOTRANSPIRATION_PT_JPL_ETdaily_doy2021187124140_aid0001,EVAPOTRANSPIRATION_PT_JPL_ETdaily,aid0001,2021-07-06 12:41:40 UTC,17008,008,0601,True,661285.0,77.0225449,554.8292847,"(77.0225449,554.8292847)",277.9009705,90.2121277,8138.2279816,349.9535217,554.8292847,285.2789001,77.0225449,205.6229095
ECO3ETPTJPL_001_EVAPOTRANSPIRATION_PT_JPL_ETdaily_doy2021203000307_aid0001,EVAPOTRANSPIRATION_PT_JPL_ETdaily,aid0001,2021-07-22 00:03:07 UTC,17248,008,0601,True,4301.0,282.7671509,453.2060852,"(282.7671509,453.2060852)",394.96698,27.0843143,733.5600836,415.7744141,453.2060852,397.7015381,325.4562683,379.5620422
ECO3ETPTJPL_001_EVAPOTRANSPIRATION_PT_JPL_ETdaily_doy2021206223011_aid0001,EVAPOTRANSPIRATION_PT_JPL_ETdaily,aid0001,2021-07-25 22:30:11 UTC,17309,010,0601,True,283432.0,77.4560928,324.7690125,"(77.4560928,324.7690125)",248.0336151,35.9056892,1289.2185198,273.3264847,324.7690125,253.3895416,167.8256226,231.1252899
ECO3ETPTJPL_001_EVAPOTRANSPIRATION_PT_JPL_ETdaily_doy2021222161957_aid0001,EVAPOTRANSPIRATION_PT_JPL_ETdaily,aid0001,2021-08-10 16:19:57 UTC,17555,009,0601,True,122543.0,169.5277252,369.7136536,"(169.5277252,369.7136536)",250.1499023,18.1901035,330.8798665,262.0019226,295.1043396,250.1295471,206.8017426,239.9217911
ECO3ETPTJPL_001_EVAPOTRANSPIRATION_PT_JPL_ETdaily_doy2021222162049_aid0001,EVAPOTRANSPIRATION_PT_JPL_ETdaily,aid0001,2021-08-10 16:20:49 UTC,17555,010,0601,True,611387.0,111.7928314,369.6571045,"(111.7928314,369.6571045)",244.7342377,24.3284168,591.8718652,262.8520508,309.1661377,247.4619751,184.7957458,231.6285095
ECO3ETPTJPL_001_EVAPOTRANSPIRATION_PT_JPL_ETdaily_doy2021223220310_aid0001,EVAPOTRANSPIRATION_PT_JPL_ETdaily,aid0001,2021-08-11 22:03:10 UTC,17574,010,0601,True,685497.0,165.9987183,390.7142639,"(165.9987183,390.7142639)",252.5189362,36.2777977,1316.0786059,279.3324585,367.1810303,247.247757,165.9987183,220.764267
ECO3ETPTJPL_001_EVAPOTRANSPIRATION_PT_JPL_ETdaily_doy2021226144740_aid0001,EVAPOTRANSPIRATION_PT_JPL_ETdaily,aid0001,2021-08-14 14:47:40 UTC,17616,010,0601,True,271556.0,114.8566055,397.4679871,"(114.8566055,397.4679871)",260.0829163,24.636837,606.9737376,271.782814,308.9651489,259.7117767,209.8116455,246.9923248
ECO3ETPTJPL_001_EVAPOTRANSPIRATION_PT_JPL_ETdaily_doy2021226211749_aid0001,EVAPOTRANSPIRATION_PT_JPL_ETdaily,aid0001,2021-08-14 21:17:49 UTC,17620,009,0601,True,144851.0,96.9703445,298.9880676,"(96.9703445,298.9880676)",209.0348206,21.9831161,483.2573957,224.4093018,269.0391541,210.2990875,149.9802551,194.634903
ECO3ETPTJPL_001_EVAPOTRANSPIRATION_PT_JPL_ETdaily_doy2021227203037_aid0001,EVAPOTRANSPIRATION_PT_JPL_ETdaily,aid0001,2021-08-15 20:30:37 UTC,17635,008,0601,True,703926.0,55.7922745,286.2722473,"(55.7922745,286.2722473)",170.8956757,25.3751774,643.8996272,188.2824173,235.1591949,173.3375244,109.9168243,156.9359207
ECO3ETPTJPL_001_EVAPOTRANSPIRATION_PT_JPL_ETdaily_doy2021231122731_aid0001,EVAPOTRANSPIRATION_PT_JPL_ETdaily,aid0001,2021-08-19 12:27:31 UTC,17693,005,0601,True,56888.0,182.6708527,532.9313354,"(182.6708527,532.9313354)",355.1448059,49.1406593,2414.8043996,391.1590576,497.8188477,349.5180511,214.4960785,319.9508362
ECO3ETPTJPL_001_EVAPOTRANSPIRATION_PT_JPL_ETdaily_doy2021234114310_aid0001,EVAPOTRANSPIRATION_PT_JPL_ETdaily,aid0001,2021-08-22 11:43:10 UTC,17739,005,0601,True,333798.0,429.6204224,1296.9892578,"(429.6204224,1296.9892578)",719.8363647,100.1284103,10025.6985571,797.2834473,1015.418335,683.9655762,433.6991577,651.8474731
ECO3ETPTJPL_001_EVAPOTRANSPIRATION_PT_JPL_ETdaily_doy2021234181309_aid0001,EVAPOTRANSPIRATION_PT_JPL_ETdaily,aid0001,2021-08-22 18:13:09 UTC,17743,010,0601,True,207557.0,77.5951767,335.6280518,"(77.5951767,335.6280518)",157.7061462,36.8200264,1355.7143439,182.7746582,267.2101746,155.1153259,77.5951767,126.4566498
ECO3ETPTJPL_001_EVAPOTRANSPIRATION_PT_JPL_ETdaily_doy2021235172607_aid0001,EVAPOTRANSPIRATION_PT_JPL_ETdaily,aid0001,2021-08-23 17:26:07 UTC,17758,007,0601,True,22216.0,109.021553,352.3886719,"(109.021553,352.3886719)",199.0030823,74.0458527,5482.7882963,270.397171,352.3886719,179.3306656,109.021553,128.1981201
ECO3ETPTJPL_001_EVAPOTRANSPIRATION_PT_JPL_ETdaily_doy2021238164221_aid0001,EVAPOTRANSPIRATION_PT_JPL_ETdaily,aid0001,2021-08-26 16:42:21 UTC,17804,009,0601,True,54.0,182.8878784,223.4928436,"(182.8878784,223.4928436)",199.1961975,8.3564119,69.8296204,205.6583328,223.4928436,199.2085953,182.8878784,192.8900375
ECO3ETPTJPL_001_EVAPOTRANSPIRATION_PT_JPL_ETdaily_doy2021239155512_aid0001,EVAPOTRANSPIRATION_PT_JPL_ETdaily,aid0001,2021-08-27 15:55:12 UTC,17819,008,0601,True,699438.0,80.2801132,429.5878296,"(80.2801132,429.5878296)",317.8218079,50.1494446,2514.9667917,354.2955017,429.5878296,326.182785,198.4315948,291.9493484
ECO3ETPTJPL_001_EVAPOTRANSPIRATION_PT_JPL_ETinst_doy2020159174839_aid0001,EVAPOTRANSPIRATION_PT_JPL_ETinst,aid0001,2020-06-07 17:48:39 UTC,10898,006,0601,True,709472.0,221.3367157,572.5307007,"(221.3367157,572.5307007)",365.9237366,34.1556435,1166.6079804,389.7424164,459.6844482,368.2627258,273.1098938,343.0856934
ECO3ETPTJPL_001_EVAPOTRANSPIRATION_PT_JPL_ETinst_doy2020160001753_aid0001,EVAPOTRANSPIRATION_PT_JPL_ETinst,aid0001,2020-06-08 00:17:53 UTC,10902,009,0601,True,675899.0,80.6628494,150.9558563,"(80.6628494,150.9558563)",117.2012482,9.4303999,88.9324422,123.9319496,143.1050873,117.6619034,91.9563828,111.1414452
ECO3ETPTJPL_001_EVAPOTRANSPIRATION_PT_JPL_ETinst_doy2020160001845_aid0001,EVAPOTRANSPIRATION_PT_JPL_ETinst,aid0001,2020-06-08 00:18:45 UTC,10902,010,0601,True,49577.0,69.6190262,116.3992615,"(69.6190262,116.3992615)",95.0855408,7.0250387,49.351169,100.101738,114.9424744,95.5898438,74.9618225,90.0453186
ECO3ETPTJPL_001_EVAPOTRANSPIRATION_PT_JPL_ETinst_doy2020163224317_aid0001,EVAPOTRANSPIRATION_PT_JPL_ETinst,aid0001,2020-06-11 22:43:17 UTC,10963,009,0601,True,393903.0,28.1373138,195.5778809,"(28.1373138,195.5778809)",106.307991,17.5999985,309.7599463,117.0474777,148.1896973,106.6411133,65.1432724,96.2854614
ECO3ETPTJPL_001_EVAPOTRANSPIRATION_PT_JPL_ETinst_doy2020166152638_aid0001,EVAPOTRANSPIRATION_PT_JPL_ETinst,aid0001,2020-06-14 15:26:38 UTC,11005,007,0601,True,478153.0,77.9341125,369.2462769,"(77.9341125,369.2462769)",206.9831085,29.2929001,858.0739954,222.2597961,264.5539551,210.0399933,151.7666931,194.0622559
ECO3ETPTJPL_001_EVAPOTRANSPIRATION_PT_JPL_ETinst_doy2020170135229_aid0001,EVAPOTRANSPIRATION_PT_JPL_ETinst,aid0001,2020-06-18 13:52:29 UTC,11066,008,0601,True,662825.0,81.3882294,492.7661743,"(81.3882294,492.7661743)",260.5717468,40.1760521,1614.1151618,284.9487915,355.7513428,259.2771912,166.9418945,237.7418518
ECO3ETPTJPL_001_EVAPOTRANSPIRATION_PT_JPL_ETinst_doy2020171193357_aid0001,EVAPOTRANSPIRATION_PT_JPL_ETinst,aid0001,2020-06-19 19:33:57 UTC,11085,008,0601,True,216725.0,96.4787216,636.3106079,"(96.4787216,636.3106079)",286.137085,79.8899994,6382.4120025,330.9092712,489.8275146,285.2834473,96.4787216,224.9593964
ECO3ETPTJPL_001_EVAPOTRANSPIRATION_PT_JPL_ETinst_doy2020171193449_aid0001,EVAPOTRANSPIRATION_PT_JPL_ETinst,aid0001,2020-06-19 19:34:49 UTC,11085,009,0601,True,67.0,275.0356445,285.2265625,"(275.0356445,285.2265625)",278.4293518,2.7141061,7.3663718,280.2040405,285.2265625,277.8449707,275.0356445,276.0050354
ECO3ETPTJPL_001_EVAPOTRANSPIRATION_PT_JPL_ETinst_doy2020187131552_aid0001,EVAPOTRANSPIRATION_PT_JPL_ETinst,aid0001,2020-07-05 13:15:52 UTC,11329,010,0601,True,710618.0,153.6979065,403.0982666,"(153.6979065,403.0982666)",334.4840698,28.5008926,812.3008812,354.2148514,403.0982666,335.7627106,264.1842346,318.1994476
ECO3ETPTJPL_001_EVAPOTRANSPIRATION_PT_JPL_ETinst_doy2020191114155_aid0001,EVAPOTRANSPIRATION_PT_JPL_ETinst,aid0001,2020-07-09 11:41:55 UTC,11390,009,0601,True,247236.0,144.266861,278.7354431,"(144.266861,278.7354431)",200.8521423,19.1186829,365.5240344,213.839016,252.1235046,201.2771606,150.0332184,188.3158379
ECO3ETPTJPL_001_EVAPOTRANSPIRATION_PT_JPL_ETinst_doy2020194105556_aid0001,EVAPOTRANSPIRATION_PT_JPL_ETinst,aid0001,2020-07-12 10:55:56 UTC,11436,012,0601,True,35173.0,91.3365402,133.9072571,"(91.3365402,133.9072571)",112.72155,5.6905937,32.3828569,116.8218384,128.6330872,113.2775879,97.0474625,108.9089584
ECO3ETPTJPL_001_EVAPOTRANSPIRATION_PT_JPL_ETinst_doy2020202011544_aid0001,EVAPOTRANSPIRATION_PT_JPL_ETinst,aid0001,2020-07-20 01:15:44 UTC,11554,006,0601,True,1424.0,38.8706818,104.0349731,"(38.8706818,104.0349731)",63.5080757,13.7585869,189.298713,74.2341938,104.0349731,60.4411526,38.8706818,53.2016869
ECO3ETPTJPL_001_EVAPOTRANSPIRATION_PT_JPL_ETinst_doy2020217185909_aid0001,EVAPOTRANSPIRATION_PT_JPL_ETinst,aid0001,2020-08-04 18:59:09 UTC,11798,006,0601,True,213229.0,97.8408661,394.5960999,"(97.8408661,394.5960999)",163.0060577,52.7548256,2783.0716232,173.4917755,234.6394653,147.6165161,97.8408661,132.7167206
ECO3ETPTJPL_001_EVAPOTRANSPIRATION_PT_JPL_ETinst_doy2020219004120_aid0001,EVAPOTRANSPIRATION_PT_JPL_ETinst,aid0001,2020-08-06 00:41:20 UTC,11817,013,0601,True,257281.0,12.3449469,202.6026917,"(12.3449469,202.6026917)",56.2562218,26.6481838,710.125701,74.0359116,132.5028839,49.5415497,12.3449469,35.0549011
ECO3ETPTJPL_001_EVAPOTRANSPIRATION_PT_JPL_ETinst_doy2020221172534_aid0001,EVAPOTRANSPIRATION_PT_JPL_ETinst,aid0001,2020-08-08 17:25:34 UTC,11859,008,0601,True,609250.0,154.792572,752.0999146,"(154.792572,752.0999146)",409.1759033,88.5095901,7833.9475483,464.3377686,636.4898682,404.0515137,177.4261475,349.5687561
ECO3ETPTJPL_001_EVAPOTRANSPIRATION_PT_JPL_ETinst_doy2020222230731_aid0001,EVAPOTRANSPIRATION_PT_JPL_ETinst,aid0001,2020-08-09 23:07:31 UTC,11878,007,0601,True,191536.0,116.5343399,298.514679,"(116.5343399,298.514679)",182.3206024,32.780735,1074.5765882,208.660244,289.9456787,179.2398453,116.5343399,154.4638786
ECO3ETPTJPL_001_EVAPOTRANSPIRATION_PT_JPL_ETinst_doy2020225222129_aid0001,EVAPOTRANSPIRATION_PT_JPL_ETinst,aid0001,2020-08-12 22:21:29 UTC,11924,007,0601,True,708087.0,14.7324991,253.333847,"(14.7324991,253.333847)",78.238739,40.4019508,1632.3176314,98.312191,172.6643677,63.7361526,14.7324991,48.7438011
ECO3ETPTJPL_001_EVAPOTRANSPIRATION_PT_JPL_ETinst_doy2020226213354_aid0001,EVAPOTRANSPIRATION_PT_JPL_ETinst,aid0001,2020-08-13 21:33:54 UTC,11939,007,0601,True,20256.0,76.6391602,351.3005676,"(76.6391602,351.3005676)",248.3787079,65.9429016,4348.4662729,295.8794403,351.3005676,264.4099121,114.6949158,223.3964882
ECO3ETPTJPL_001_EVAPOTRANSPIRATION_PT_JPL_ETinst_doy2020229141811_aid0001,EVAPOTRANSPIRATION_PT_JPL_ETinst,aid0001,2020-08-16 14:18:11 UTC,11981,007,0601,True,676429.0,106.1873627,401.5075989,"(106.1873627,401.5075989)",247.1981812,52.0846748,2712.8133527,288.4020081,401.5075989,242.8056641,106.1873627,206.2536926
ECO3ETPTJPL_001_EVAPOTRANSPIRATION_PT_JPL_ETinst_doy2020229204750_aid0001,EVAPOTRANSPIRATION_PT_JPL_ETinst,aid0001,2020-08-16 20:47:50 UTC,11985,007,0601,True,710028.0,38.2784576,362.3400269,"(38.2784576,362.3400269)",123.3053436,49.3415565,2434.5892027,140.4942398,215.4295807,107.1409798,38.2784576,90.5371075
ECO3ETPTJPL_001_EVAPOTRANSPIRATION_PT_JPL_ETinst_doy2020230200021_aid0001,EVAPOTRANSPIRATION_PT_JPL_ETinst,aid0001,2020-08-17 20:00:21 UTC,12000,008,0601,True,191834.0,158.4659729,515.5875854,"(158.4659729,515.5875854)",345.5161133,80.6820145,6509.5874582,423.467247,515.5875854,352.1607971,158.4659729,276.6464691
ECO3ETPTJPL_001_EVAPOTRANSPIRATION_PT_JPL_ETinst_doy2020234182646_aid0001,EVAPOTRANSPIRATION_PT_JPL_ETinst,aid0001,2020-08-21 18:26:46 UTC,12061,006,0601,True,604510.0,47.3599396,376.1380615,"(47.3599396,376.1380615)",133.255722,60.1348305,3616.1978362,147.4167786,225.5568237,108.3185997,47.3599396,95.3219833
ECO3ETPTJPL_001_EVAPOTRANSPIRATION_PT_JPL_ETinst_doy2020237174035_aid0001,EVAPOTRANSPIRATION_PT_JPL_ETinst,aid0001,2020-08-24 17:40:35 UTC,12107,006,0601,True,709640.0,0.0,540.6807251,"(0.0,540.6807251)",358.3303833,63.0943489,3980.8968641,408.4045715,540.6807251,356.0436707,193.1927643,312.4277344
ECO3ETPTJPL_001_EVAPOTRANSPIRATION_PT_JPL_ETinst_doy2020241160652_aid0001,EVAPOTRANSPIRATION_PT_JPL_ETinst,aid0001,2020-08-28 16:06:52 UTC,12168,007,0601,True,181049.0,319.674408,722.4466553,"(319.674408,722.4466553)",553.6531372,84.9753723,7220.8139,625.9815674,722.4466553,580.5863647,319.674408,492.4151001
ECO3ETPTJPL_001_EVAPOTRANSPIRATION_PT_JPL_ETinst_doy2020268224424_aid0001,EVAPOTRANSPIRATION_PT_JPL_ETinst,aid0001,2020-09-24 22:44:24 UTC,12591,007,0601,True,553240.0,29.4238224,145.9024048,"(29.4238224,145.9024048)",70.4917755,19.4303188,377.5372899,82.0557938,121.5304871,65.0619659,29.4238224,55.7390213
ECO3ETPTJPL_001_EVAPOTRANSPIRATION_PT_JPL_ETinst_doy2020268224516_aid0001,EVAPOTRANSPIRATION_PT_JPL_ETinst,aid0001,2020-09-24 22:45:16 UTC,12591,008,0601,True,141647.0,27.7751255,94.2763214,"(27.7751255,94.2763214)",54.4506798,8.4448957,71.3162641,60.4534035,78.4962845,54.5801659,30.2976532,48.3895626
ECO3ETPTJPL_001_EVAPOTRANSPIRATION_PT_JPL_ETinst_doy2020280180812_aid0001,EVAPOTRANSPIRATION_PT_JPL_ETinst,aid0001,2020-10-06 18:08:12 UTC,12774,009,0601,True,545344.0,88.7549744,352.9395142,"(88.7549744,352.9395142)",199.9728088,36.5262222,1334.1649103,227.0193939,305.8826294,194.916481,95.6449432,174.4355507
ECO3ETPTJPL_001_EVAPOTRANSPIRATION_PT_JPL_ETinst_doy2020281172102_aid0001,EVAPOTRANSPIRATION_PT_JPL_ETinst,aid0001,2020-10-07 17:21:02 UTC,12789,008,0601,True,23241.0,182.6813507,306.4862671,"(182.6813507,306.4862671)",233.8911133,14.5577593,211.9283554,244.9841309,276.1913147,237.4282837,191.0976715,223.3884125
ECO3ETPTJPL_001_EVAPOTRANSPIRATION_PT_JPL_ETinst_doy2020284230436_aid0001,EVAPOTRANSPIRATION_PT_JPL_ETinst,aid0001,2020-10-10 23:04:36 UTC,12839,009,0601,True,321596.0,21.3429222,124.9081345,"(21.3429222,124.9081345)",68.7494736,16.548811,273.8631442,79.2876492,112.9915085,67.1362839,23.0796146,56.7993059
ECO3ETPTJPL_001_EVAPOTRANSPIRATION_PT_JPL_ETinst_doy2020285221616_aid0001,EVAPOTRANSPIRATION_PT_JPL_ETinst,aid0001,2020-10-11 22:16:16 UTC,12854,006,0601,True,666617.0,0.0,168.3689575,"(0.0,168.3689575)",99.8629227,17.5704918,308.7221818,112.8370972,151.6321106,99.5839386,48.0657501,86.9266739
ECO3ETPTJPL_001_EVAPOTRANSPIRATION_PT_JPL_ETinst_doy2020296182124_aid0001,EVAPOTRANSPIRATION_PT_JPL_ETinst,aid0001,2020-10-22 18:21:24 UTC,13022,007,0601,True,644976.0,0.0,290.9112244,"(0.0,290.9112244)",177.3314972,28.0290489,785.6275833,197.0463562,256.690155,179.4215851,97.6302185,157.2781067
ECO3ETPTJPL_001_EVAPOTRANSPIRATION_PT_JPL_ETinst_doy2020296182216_aid0001,EVAPOTRANSPIRATION_PT_JPL_ETinst,aid0001,2020-10-22 18:22:16 UTC,13022,008,0601,True,21723.0,110.958519,228.8494568,"(110.958519,228.8494568)",178.8379364,18.8792229,356.4250562,193.2846527,228.8494568,180.9263916,123.8223572,165.1183243
ECO3ETPTJPL_001_EVAPOTRANSPIRATION_PT_JPL_ETinst_doy2020309125046_aid0001,EVAPOTRANSPIRATION_PT_JPL_ETinst,aid0001,2020-11-04 12:50:46 UTC,13220,006,0601,True,640716.0,39.975811,93.4920883,"(39.975811,93.4920883)",77.3250809,4.364615,19.0498638,79.845314,85.4055634,78.2009125,70.5783081,76.1384659
ECO3ETPTJPL_001_EVAPOTRANSPIRATION_PT_JPL_ETinst_doy2020339184021_aid0001,EVAPOTRANSPIRATION_PT_JPL_ETinst,aid0001,2020-12-04 18:40:21 UTC,13689,008,0601,True,59187.0,0.0,169.3564453,"(0.0,169.3564453)",124.0490952,9.1614361,83.9319111,127.6429596,141.2006836,121.1252365,108.3212051,118.6039696
ECO3ETPTJPL_001_EVAPOTRANSPIRATION_PT_JPL_ETinst_doy2020356180737_aid0001,EVAPOTRANSPIRATION_PT_JPL_ETinst,aid0001,2020-12-21 18:07:37 UTC,13952,005,0601,True,17688.0,71.582695,163.5075684,"(71.582695,163.5075684)",108.1399536,17.2898426,298.9386573,123.1680069,163.5075684,110.0539818,71.582695,93.2582016
ECO3ETPTJPL_001_EVAPOTRANSPIRATION_PT_JPL_ETinst_doy2021083230851_aid0001,EVAPOTRANSPIRATION_PT_JPL_ETinst,aid0001,2021-03-24 23:08:51 UTC,15398,008,0601,True,38670.0,69.6657257,105.7139587,"(69.6657257,105.7139587)",89.430809,3.7247486,13.8737522,91.3699245,96.6193542,89.8777428,82.7004776,87.8679047
ECO3ETPTJPL_001_EVAPOTRANSPIRATION_PT_JPL_ETinst_doy2021091200257_aid0001,EVAPOTRANSPIRATION_PT_JPL_ETinst,aid0001,2021-04-01 20:02:57 UTC,15520,008,0601,True,704744.0,0.0,266.4063721,"(0.0,266.4063721)",120.7199631,18.4192905,339.2702641,127.8720875,156.0045471,113.7047501,80.9860916,109.1169434
ECO3ETPTJPL_001_EVAPOTRANSPIRATION_PT_JPL_ETinst_doy2021095183042_aid0001,EVAPOTRANSPIRATION_PT_JPL_ETinst,aid0001,2021-04-05 18:30:42 UTC,15581,008,0601,True,543915.0,0.0,384.1152649,"(0.0,384.1152649)",187.2262726,25.1341209,631.7240355,201.6823578,247.3179321,185.2361908,125.6189423,171.2565689
ECO3ETPTJPL_001_EVAPOTRANSPIRATION_PT_JPL_ETinst_doy2021099165805_aid0001,EVAPOTRANSPIRATION_PT_JPL_ETinst,aid0001,2021-04-09 16:58:05 UTC,15643,008,0601,True,662010.0,0.0,402.2004395,"(0.0,402.2004395)",226.2854462,25.6168118,656.2210444,242.7068291,291.1981506,226.22435,161.8928375,210.3772163
ECO3ETPTJPL_001_EVAPOTRANSPIRATION_PT_JPL_ETinst_doy2021103152535_aid0001,EVAPOTRANSPIRATION_PT_JPL_ETinst,aid0001,2021-04-13 15:25:35 UTC,15704,008,0601,True,700173.0,0.0,358.1720886,"(0.0,358.1720886)",208.3681335,23.6540775,559.5153838,223.2837067,265.349762,210.5830536,153.1730499,195.2384033
ECO3ETPTJPL_001_EVAPOTRANSPIRATION_PT_JPL_ETinst_doy2021103215519_aid0001,EVAPOTRANSPIRATION_PT_JPL_ETinst,aid0001,2021-04-13 21:55:19 UTC,15708,008,0601,True,675221.0,0.0,258.9807129,"(0.0,258.9807129)",103.548584,17.593153,309.5190325,113.8646469,145.3317261,104.0809402,61.4133377,92.8837662
ECO3ETPTJPL_001_EVAPOTRANSPIRATION_PT_JPL_ETinst_doy2021104143753_aid0001,EVAPOTRANSPIRATION_PT_JPL_ETinst,aid0001,2021-04-14 14:37:53 UTC,15719,007,0601,True,1470.0,174.4108582,232.8858185,"(174.4108582,232.8858185)",189.6691284,6.911304,47.7661229,192.7273903,201.6666412,190.2374725,177.0540619,186.4362183
ECO3ETPTJPL_001_EVAPOTRANSPIRATION_PT_JPL_ETinst_doy2021104210801_aid0001,EVAPOTRANSPIRATION_PT_JPL_ETinst,aid0001,2021-04-14 21:08:01 UTC,15723,008,0601,True,558698.0,0.0,264.1297302,"(0.0,264.1297302)",109.9078979,18.9645767,359.6551702,120.1395664,152.5443115,110.0226936,66.1296387,98.5346889
ECO3ETPTJPL_001_EVAPOTRANSPIRATION_PT_JPL_ETinst_doy2021108130518_aid0001,EVAPOTRANSPIRATION_PT_JPL_ETinst,aid0001,2021-04-18 13:05:18 UTC,15780,007,0601,True,27904.0,0.0,213.3348236,"(0.0,213.3348236)",124.5856171,21.8531494,477.5601393,138.0114288,178.509552,130.1676331,79.1545715,108.9211521
ECO3ETPTJPL_001_EVAPOTRANSPIRATION_PT_JPL_ETinst_doy2021108130610_aid0001,EVAPOTRANSPIRATION_PT_JPL_ETinst,aid0001,2021-04-18 13:06:10 UTC,15780,008,0601,True,251.0,86.1788406,168.0868988,"(86.1788406,168.0868988)",113.1560593,18.2101879,331.6109438,123.6261673,158.5990143,107.5215149,86.1788406,99.737175
ECO3ETPTJPL_001_EVAPOTRANSPIRATION_PT_JPL_ETinst_doy2021112180242_aid0001,EVAPOTRANSPIRATION_PT_JPL_ETinst,aid0001,2021-04-22 18:02:42 UTC,15845,007,0601,True,10085.0,156.8181763,371.5527649,"(156.8181763,371.5527649)",241.9211884,27.4052162,751.0458759,258.0773621,311.1355286,236.1708679,188.6111145,222.6862793
ECO3ETPTJPL_001_EVAPOTRANSPIRATION_PT_JPL_ETinst_doy2021115171745_aid0001,EVAPOTRANSPIRATION_PT_JPL_ETinst,aid0001,2021-04-25 17:17:45 UTC,15891,007,0601,True,195097.0,0.0,457.0604248,"(0.0,457.0604248)",249.7894745,28.4682407,810.4407307,259.5136108,295.0368958,249.845047,200.3014984,235.8238373
ECO3ETPTJPL_001_EVAPOTRANSPIRATION_PT_JPL_ETinst_doy2021116163007_aid0001,EVAPOTRANSPIRATION_PT_JPL_ETinst,aid0001,2021-04-26 16:30:07 UTC,15906,008,0601,True,709488.0,0.0,507.1190186,"(0.0,507.1190186)",265.0053101,36.2102737,1311.1839245,287.2312317,347.6064453,266.6146851,186.5881958,246.9727325
ECO3ETPTJPL_001_EVAPOTRANSPIRATION_PT_JPL_ETinst_doy2021120145739_aid0001,EVAPOTRANSPIRATION_PT_JPL_ETinst,aid0001,2021-04-30 14:57:39 UTC,15967,008,0601,True,227453.0,135.9755554,378.6019287,"(135.9755554,378.6019287)",219.3218536,28.8133183,830.2073087,242.7922821,311.0765381,204.7798157,135.9755554,197.2532654
ECO3ETPTJPL_001_EVAPOTRANSPIRATION_PT_JPL_ETinst_doy2021142235747_aid0001,EVAPOTRANSPIRATION_PT_JPL_ETinst,aid0001,2021-05-22 23:57:47 UTC,16316,008,0601,True,328191.0,0.0,249.6514282,"(0.0,249.6514282)",129.0502472,15.1211424,228.6489471,135.4003754,159.6790619,125.7136612,99.1037674,119.2137527
ECO3ETPTJPL_001_EVAPOTRANSPIRATION_PT_JPL_ETinst_doy2021143231028_aid0001,EVAPOTRANSPIRATION_PT_JPL_ETinst,aid0001,2021-05-23 23:10:28 UTC,16331,007,0601,True,3896.0,136.4566803,276.340271,"(136.4566803,276.340271)",177.1839905,27.6257801,763.1837264,189.3886948,235.4569855,162.7465515,136.4566803,158.2208252
ECO3ETPTJPL_001_EVAPOTRANSPIRATION_PT_JPL_ETinst_doy2021146222455_aid0001,EVAPOTRANSPIRATION_PT_JPL_ETinst,aid0001,2021-05-26 22:24:55 UTC,16377,009,0601,True,535041.0,0.0,350.9309387,"(0.0,350.9309387)",201.6559296,27.3284035,746.8416364,216.7304993,253.5428925,202.3169556,155.3752594,192.188385
ECO3ETPTJPL_001_EVAPOTRANSPIRATION_PT_JPL_ETinst_doy2021150205224_aid0001,EVAPOTRANSPIRATION_PT_JPL_ETinst,aid0001,2021-05-30 20:52:24 UTC,16438,008,0601,True,704970.0,0.0,303.2213745,"(0.0,303.2213745)",125.0074997,29.1476841,849.5874882,141.22192,196.5764618,121.0651054,48.9926682,104.3186111
ECO3ETPTJPL_001_EVAPOTRANSPIRATION_PT_JPL_ETinst_doy2021159232846_aid0001,EVAPOTRANSPIRATION_PT_JPL_ETinst,aid0001,2021-06-08 23:28:46 UTC,16580,007,0601,True,140880.0,0.0,296.5831604,"(0.0,296.5831604)",160.510788,19.0109024,361.4144102,167.3295479,194.7241974,156.8515472,122.3657761,149.065979
ECO3ETPTJPL_001_EVAPOTRANSPIRATION_PT_JPL_ETinst_doy2021159232938_aid0001,EVAPOTRANSPIRATION_PT_JPL_ETinst,aid0001,2021-06-08 23:29:38 UTC,16580,008,0601,True,8905.0,0.0,177.1608124,"(0.0,177.1608124)",141.5720215,12.2807226,150.816148,154.4709015,177.1608124,138.3274384,117.3236084,133.3371582
ECO3ETPTJPL_001_EVAPOTRANSPIRATION_PT_JPL_ETinst_doy2021162161350_aid0001,EVAPOTRANSPIRATION_PT_JPL_ETinst,aid0001,2021-06-11 16:13:50 UTC,16622,010,0601,True,156017.0,0.0,551.7672119,"(0.0,551.7672119)",403.6953735,53.643898,2877.6677937,438.1308899,524.9629517,411.5173035,293.3114929,380.1994629
ECO3ETPTJPL_001_EVAPOTRANSPIRATION_PT_JPL_ETinst_doy2021163152636_aid0001,EVAPOTRANSPIRATION_PT_JPL_ETinst,aid0001,2021-06-12 15:26:36 UTC,16637,010,0601,True,544492.0,0.0,719.4851685,"(0.0,719.4851685)",373.7858887,51.7812729,2681.3002219,400.9679108,491.2347107,370.1126862,250.5193787,340.788414
ECO3ETPTJPL_001_EVAPOTRANSPIRATION_PT_JPL_ETinst_doy2021163215554_aid0001,EVAPOTRANSPIRATION_PT_JPL_ETinst,aid0001,2021-06-12 21:55:54 UTC,16641,007,0601,True,49521.0,115.1209259,266.0199585,"(115.1209259,266.0199585)",175.9453125,24.164753,583.9352856,195.0976868,249.9654694,172.8464661,115.1209259,158.4908905
ECO3ETPTJPL_001_EVAPOTRANSPIRATION_PT_JPL_ETinst_doy2021163215646_aid0001,EVAPOTRANSPIRATION_PT_JPL_ETinst,aid0001,2021-06-12 21:56:46 UTC,16641,008,0601,True,84139.0,0.0,258.9850769,"(0.0,258.9850769)",171.9192352,26.063942,679.3290703,189.9313889,243.2222595,175.2671814,100.4232178,154.1262512
ECO3ETPTJPL_001_EVAPOTRANSPIRATION_PT_JPL_ETinst_doy2021166144038_aid0001,EVAPOTRANSPIRATION_PT_JPL_ETinst,aid0001,2021-06-15 14:40:38 UTC,16684,009,0601,True,669222.0,0.0,530.4729004,"(0.0,530.4729004)",352.6462402,77.4487991,5998.3164872,403.2284241,526.3657837,371.4746246,197.6363373,320.991333
ECO3ETPTJPL_001_EVAPOTRANSPIRATION_PT_JPL_ETinst_doy2021167202300_aid0001,EVAPOTRANSPIRATION_PT_JPL_ETinst,aid0001,2021-06-16 20:23:00 UTC,16703,007,0601,True,537328.0,0.0,338.330719,"(0.0,338.330719)",131.9233398,37.7356415,1423.9786379,154.5629997,231.0632935,132.1562347,27.9453659,103.5604477
ECO3ETPTJPL_001_EVAPOTRANSPIRATION_PT_JPL_ETinst_doy2021167202352_aid0001,EVAPOTRANSPIRATION_PT_JPL_ETinst,aid0001,2021-06-16 20:23:52 UTC,16703,008,0601,True,204273.0,0.0,237.9819336,"(0.0,237.9819336)",113.0770874,34.1646614,1167.2240891,134.2430115,204.6465759,109.3757324,31.2143421,87.3066635
ECO3ETPTJPL_001_EVAPOTRANSPIRATION_PT_JPL_ETinst_doy2021175104752_aid0001,EVAPOTRANSPIRATION_PT_JPL_ETinst,aid0001,2021-06-24 10:47:52 UTC,16821,008,0601,True,476732.0,0.0,154.8458405,"(0.0,154.8458405)",92.6248398,19.378561,375.5286272,107.0379791,150.8397369,90.6370926,52.9478378,77.8187256
ECO3ETPTJPL_001_EVAPOTRANSPIRATION_PT_JPL_ETinst_doy2021183141310_aid0001,EVAPOTRANSPIRATION_PT_JPL_ETinst,aid0001,2021-07-02 14:13:10 UTC,16947,007,0601,True,261918.0,233.8981934,504.2276306,"(233.8981934,504.2276306)",386.8401184,41.8305206,1749.7924562,419.8954773,504.2276306,390.9328613,269.3983765,359.6547394
ECO3ETPTJPL_001_EVAPOTRANSPIRATION_PT_JPL_ETinst_doy2021183141402_aid0001,EVAPOTRANSPIRATION_PT_JPL_ETinst,aid0001,2021-07-02 14:14:02 UTC,16947,008,0601,True,384724.0,0.0,549.8486938,"(0.0,549.8486938)",394.0290527,72.8111191,5301.4590616,444.5519104,549.8486938,415.2903748,263.2911072,372.0467224
ECO3ETPTJPL_001_EVAPOTRANSPIRATION_PT_JPL_ETinst_doy2021187124140_aid0001,EVAPOTRANSPIRATION_PT_JPL_ETinst,aid0001,2021-07-06 12:41:40 UTC,17008,008,0601,True,661294.0,0.0,413.1495972,"(0.0,413.1495972)",213.4986725,68.2303009,4655.3739614,266.3006744,413.1495972,214.9252243,0.0,159.485302
ECO3ETPTJPL_001_EVAPOTRANSPIRATION_PT_JPL_ETinst_doy2021203000307_aid0001,EVAPOTRANSPIRATION_PT_JPL_ETinst,aid0001,2021-07-22 00:03:07 UTC,17248,008,0601,True,4301.0,89.7879486,127.5335159,"(89.7879486,127.5335159)",113.7854919,6.2178016,38.6610564,118.5939407,127.5335159,114.4354706,97.7523956,110.2269058
ECO3ETPTJPL_001_EVAPOTRANSPIRATION_PT_JPL_ETinst_doy2021206223011_aid0001,EVAPOTRANSPIRATION_PT_JPL_ETinst,aid0001,2021-07-25 22:30:11 UTC,17309,010,0601,True,283527.0,0.0,235.5521545,"(0.0,235.5521545)",186.0849915,21.0318279,442.3377859,200.9492111,235.5521545,188.7050018,137.1408081,175.422821
ECO3ETPTJPL_001_EVAPOTRANSPIRATION_PT_JPL_ETinst_doy2021222161957_aid0001,EVAPOTRANSPIRATION_PT_JPL_ETinst,aid0001,2021-08-10 16:19:57 UTC,17555,009,0601,True,122543.0,279.3542786,469.1997375,"(279.3542786,469.1997375)",338.0782776,24.5830173,604.324742,345.7669983,379.449646,332.874939,290.1318665,323.3023834
ECO3ETPTJPL_001_EVAPOTRANSPIRATION_PT_JPL_ETinst_doy2021222162049_aid0001,EVAPOTRANSPIRATION_PT_JPL_ETinst,aid0001,2021-08-10 16:20:49 UTC,17555,010,0601,True,611469.0,0.0,469.6916809,"(0.0,469.6916809)",324.839325,22.8406696,521.6961892,341.3816833,385.640625,326.9286194,267.6174316,311.8752136
ECO3ETPTJPL_001_EVAPOTRANSPIRATION_PT_JPL_ETinst_doy2021223220310_aid0001,EVAPOTRANSPIRATION_PT_JPL_ETinst,aid0001,2021-08-11 22:03:10 UTC,17574,010,0601,True,685600.0,0.0,302.0509033,"(0.0,302.0509033)",204.2774963,26.1499538,683.8200859,221.3753586,280.685791,201.1546402,146.9088745,181.8331757
ECO3ETPTJPL_001_EVAPOTRANSPIRATION_PT_JPL_ETinst_doy2021226144740_aid0001,EVAPOTRANSPIRATION_PT_JPL_ETinst,aid0001,2021-08-14 14:47:40 UTC,17616,010,0601,True,271575.0,0.0,510.68573,"(0.0,510.68573)",276.5715027,29.4301033,866.1309804,286.0442505,324.4565125,269.3762207,222.0696564,260.4344482
ECO3ETPTJPL_001_EVAPOTRANSPIRATION_PT_JPL_ETinst_doy2021226211749_aid0001,EVAPOTRANSPIRATION_PT_JPL_ETinst,aid0001,2021-08-14 21:17:49 UTC,17620,009,0601,True,144923.0,0.0,349.7759705,"(0.0,349.7759705)",215.9002075,21.0695629,443.9264813,229.1455536,270.4748535,214.7059479,160.2490234,201.5854568
ECO3ETPTJPL_001_EVAPOTRANSPIRATION_PT_JPL_ETinst_doy2021227203037_aid0001,EVAPOTRANSPIRATION_PT_JPL_ETinst,aid0001,2021-08-15 20:30:37 UTC,17635,008,0601,True,704011.0,0.0,313.9176331,"(0.0,313.9176331)",196.7805176,23.1273289,534.8733408,211.8230133,253.3607941,198.4955902,142.5544891,184.115509
ECO3ETPTJPL_001_EVAPOTRANSPIRATION_PT_JPL_ETinst_doy2021231122731_aid0001,EVAPOTRANSPIRATION_PT_JPL_ETinst,aid0001,2021-08-19 12:27:31 UTC,17693,005,0601,True,56888.0,92.9613266,219.7247925,"(92.9613266,219.7247925)",147.4754181,20.1356583,405.4447337,161.9675941,205.8296814,145.7239685,92.9613266,132.6169281
ECO3ETPTJPL_001_EVAPOTRANSPIRATION_PT_JPL_ETinst_doy2021234114310_aid0001,EVAPOTRANSPIRATION_PT_JPL_ETinst,aid0001,2021-08-22 11:43:10 UTC,17739,005,0601,True,333809.0,0.0,270.4921875,"(0.0,270.4921875)",148.7705994,20.9201374,437.6521491,163.6517639,205.1275482,142.3709564,94.5266647,136.0005035
ECO3ETPTJPL_001_EVAPOTRANSPIRATION_PT_JPL_ETinst_doy2021234181309_aid0001,EVAPOTRANSPIRATION_PT_JPL_ETinst,aid0001,2021-08-22 18:13:09 UTC,17743,010,0601,True,207557.0,148.7614288,529.9519653,"(148.7614288,529.9519653)",296.1768494,66.4788437,4419.4366582,342.3371887,495.9355164,292.6209106,148.7614288,239.8924866
ECO3ETPTJPL_001_EVAPOTRANSPIRATION_PT_JPL_ETinst_doy2021235172607_aid0001,EVAPOTRANSPIRATION_PT_JPL_ETinst,aid0001,2021-08-23 17:26:07 UTC,17758,007,0601,True,22216.0,207.8104706,670.9755249,"(207.8104706,670.9755249)",375.6705322,141.1920471,19935.1941697,512.1307373,670.9755249,338.3072052,207.8104706,241.1764832
ECO3ETPTJPL_001_EVAPOTRANSPIRATION_PT_JPL_ETinst_doy2021238164221_aid0001,EVAPOTRANSPIRATION_PT_JPL_ETinst,aid0001,2021-08-26 16:42:21 UTC,17804,009,0601,True,54.0,332.641571,407.4107666,"(332.641571,407.4107666)",360.0878601,15.7955418,249.4991396,371.2541275,390.4541626,359.9393158,332.641571,348.0342255
ECO3ETPTJPL_001_EVAPOTRANSPIRATION_PT_JPL_ETinst_doy2021239155512_aid0001,EVAPOTRANSPIRATION_PT_JPL_ETinst,aid0001,2021-08-27 15:55:12 UTC,17819,008,0601,True,699450.0,0.0,703.9991455,"(0.0,703.9991455)",529.9530029,85.0184097,7228.1299928,598.1190033,703.9991455,545.1117859,326.2947083,489.3886414
